,frame,center_x,center_y,x_size,y_size,xtl,xbr,ytl,ybr,id,id_num,min_dist,min_index,neighbor_id,suspected,xbr_area,ybr_area,xtl_area,ytl_area
5267,4951,3554.53,1897.965,30.139999999999876,17.529999999999973,3539.46,3569.6,1889.2,1906.73,14,2,28.437356593045028,5268.0,44.0,1.0,3614.81,1951.9399999999998,3494.25,1843.9900000000002
5268,4951,3582.635,1902.3,28.08999999999969,15.940000000000055,3568.59,3596.68,1894.33,1910.27,44,2,28.437356593045028,5267.0,14.0,1.0,3638.8149999999996,1952.4049999999995,3526.455000000001,1852.1950000000004
5269,4952,3554.4350000000004,1897.965,30.15000000000009,17.529999999999973,3539.36,3569.51,1889.2,1906.73,14,2,28.441178333535632,5270.0,44.0,1.0,3614.7350000000006,1951.9550000000002,3494.135,1843.975
5270,4952,3582.54,1902.325,28.05999999999995,15.950000000000045,3568.51,3596.57,1894.35,1910.3,44,2,28.441178333535632,5269.0,14.0,1.0,3638.6600000000003,1952.3899999999999,3526.42,1852.26
5271,4954,3554.245,1897.965,30.15000000000009,17.529999999999973,3539.17,3569.32,1889.2,1906.73,14,2,28.450438045837764,5272.0,44.0,1.0,3614.545,1951.9550000000002,3493.9449999999997,1843.975
5272,4954,3582.350000000001,1902.385,27.980000000000015,15.949999999999818,3568.36,3596.34,1894.41,1910.36,44,2,28.450438045837764,5271.0,14.0,1.0,3638.31,1952.33,3526.3900000000003,1852.44
5273,4956,3554.05,1897.965,30.139999999999876,17.529999999999973,3538.98,3569.12,1889.2,1906.73,14,2,28.459034593604933,5274.0,44.0,1.0,3614.33,1951.9399999999998,3493.77,1843.9900000000002
5274,4956,3582.155,1902.44,27.889999999999876,15.940000000000055,3568.21,3596.1,1894.47,1910.41,44,2,28.459034593604933,5273.0,14.0,1.0,3637.935,1952.245,3526.375,1852.6350000000002
5275,4957,3553.955,1897.965,30.15000000000009,17.529999999999973,3538.88,3569.03,1889.2,1906.73,14,2,28.462976390391802,5276.0,44.0,1.0,3614.255,1951.9550000000002,3493.6549999999997,1843.975
5276,4957,3582.06,1902.465,27.859999999999676,15.950000000000045,3568.13,3595.99,1894.49,1910.44,44,2,28.462976390391802,5275.0,14.0,1.0,3637.7799999999993,1952.2299999999996,3526.3400000000006,1852.7000000000005
5277,4959,3581.87,1902.525,27.7800000000002,15.950000000000045,3567.98,3595.76,1894.55,1910.5,44,2,28.472524036339866,5278.0,14.0,1.0,3637.4300000000003,1952.1700000000003,3526.3099999999995,1852.8799999999997
5278,4959,3553.765000000001,1897.965,30.15000000000009,17.529999999999973,3538.69,3568.84,1889.2,1906.73,14,2,28.472524036339866,5277.0,44.0,1.0,3614.0650000000005,1951.9550000000002,3493.465,1843.975
5279,4961,3553.57,1897.965,30.139999999999876,17.529999999999973,3538.5,3568.64,1889.2,1906.73,14,2,28.481384271134033,5280.0,44.0,1.0,3613.85,1951.9399999999998,3493.29,1843.9900000000002
5280,4961,3581.675,1902.58,27.69000000000005,15.940000000000055,3567.83,3595.52,1894.61,1910.55,44,2,28.481384271134033,5279.0,14.0,1.0,3637.055,1952.085,3526.295,1853.0749999999998
5281,4962,3553.475000000001,1897.965,30.15000000000009,17.529999999999973,3538.4,3568.55,1889.2,1906.73,14,2,28.485445845202264,5282.0,44.0,1.0,3613.7750000000005,1951.9550000000002,3493.175,1843.975
5282,4962,3581.58,1902.605,27.65999999999985,15.949999999999818,3567.75,3595.41,1894.63,1910.58,44,2,28.485445845202264,5281.0,14.0,1.0,3636.8999999999996,1952.0699999999997,3526.26,1853.1400000000003
5283,4964,3553.285,1897.965,30.15000000000009,17.529999999999973,3538.21,3568.36,1889.2,1906.73,14,2,28.495280749625916,5284.0,44.0,1.0,3613.585,1951.9550000000002,3492.9849999999997,1843.975
5284,4964,3581.39,1902.665,27.579999999999927,15.950000000000045,3567.6,3595.18,1894.69,1910.64,44,2,28.495280749625916,5283.0,14.0,1.0,3636.5499999999997,1952.01,3526.23,1853.3200000000002
5286,4967,3552.995,1897.965,30.15000000000009,17.529999999999973,3537.92,3568.07,1889.2,1906.73,14,2,28.50858511045402,5287.0,44.0,1.0,3613.295,1951.9550000000002,3492.6949999999997,1843.975
5287,4967,3581.1,1902.745,27.460000000000036,15.950000000000045,3567.37,3594.83,1894.77,1910.72,44,2,28.50858511045402,5286.0,14.0,1.0,3636.02,1951.91,3526.18,1853.58
5288,4969,3552.8050000000007,1897.965,30.15000000000009,17.529999999999973,3537.73,3567.88,1889.2,1906.73,14,2,28.518706580066905,5289.0,44.0,1.0,3613.1050000000005,1951.9550000000002,3492.505,1843.975
5289,4969,3580.91,1902.805,27.38000000000011,15.950000000000045,3567.22,3594.6,1894.83,1910.78,44,2,28.518706580066905,5288.0,14.0,1.0,3635.67,1951.8500000000001,3526.1499999999996,1853.7599999999998
5291,4972,3552.515000000001,1897.965,30.15000000000009,17.529999999999973,3537.44,3567.59,1889.2,1906.73,14,2,28.532392556530386,5292.0,44.0,1.0,3612.8150000000005,1951.9550000000002,3492.215,1843.975
5292,4972,3580.62,1902.885,27.26000000000022,15.949999999999818,3566.99,3594.25,1894.91,1910.86,44,2,28.532392556530386,5291.0,14.0,1.0,3635.1400000000003,1951.7500000000002,3526.0999999999995,1854.0199999999998
5293,4974,3580.4300000000007,1902.94,27.179999999999836,15.940000000000055,3566.84,3594.02,1894.97,1910.91,44,2,28.541927930678643,5294.0,14.0,1.0,3634.79,1951.6799999999998,3526.0700000000006,1854.2000000000003
5294,4974,3552.325,1897.965,30.15000000000009,17.529999999999973,3537.25,3567.4,1889.2,1906.73,14,2,28.541927930678643,5293.0,44.0,1.0,3612.625,1951.9550000000002,3492.0249999999996,1843.975
5295,4976,3552.255,1897.975,30.15000000000009,17.589999999999918,3537.18,3567.33,1889.18,1906.77,14,2,28.513260511558304,5296.0,44.0,1.0,3612.5550000000003,1951.9950000000001,3491.955,1843.955
5296,4976,3580.33,1902.955,27.139999999999876,15.970000000000026,3566.76,3593.9,1894.97,1910.94,44,2,28.513260511558304,5295.0,14.0,1.0,3634.61,1951.6499999999999,3526.05,1854.2600000000002
5297,4977,3552.285,1897.98,30.15000000000009,17.639999999999873,3537.21,3567.36,1889.16,1906.8,14,2,28.4695143969829,5298.0,44.0,1.0,3612.585,1952.025,3491.9849999999997,1843.935
5298,4977,3580.32,1902.935,27.139999999999876,16.00999999999999,3566.75,3593.89,1894.93,1910.94,44,2,28.4695143969829,5297.0,14.0,1.0,3634.6,1951.6499999999999,3526.04,1854.2200000000003
5299,4978,3552.315,1897.99,30.15000000000009,17.699999999999818,3537.24,3567.39,1889.14,1906.84,14,2,28.435627740565298,5300.0,44.0,1.0,3612.615,1952.065,3492.0149999999994,1843.915
5300,4978,3580.32,1902.92,27.139999999999876,16.039999999999964,3566.75,3593.89,1894.9,1910.94,44,2,28.435627740565298,5299.0,14.0,1.0,3634.6,1951.6499999999999,3526.04,1854.1900000000003
5301,4979,3552.3450000000007,1898.005,30.15000000000009,17.75,3537.27,3567.42,1889.13,1906.88,14,2,28.391041280656754,5302.0,44.0,1.0,3612.6450000000004,1952.1050000000002,3492.045,1843.905
5302,4979,3580.31,1902.905,27.140000000000327,16.070000000000164,3566.74,3593.88,1894.87,1910.94,44,2,28.391041280656754,5301.0,14.0,1.0,3634.5900000000006,1951.6500000000005,3526.0299999999993,1854.1599999999994
5303,4980,3552.375,1898.015,30.149999999999643,17.810000000000173,3537.3,3567.45,1889.11,1906.92,14,2,28.357183393277918,5304.0,44.0,1.0,3612.6749999999993,1952.1449999999995,3492.0750000000007,1843.8850000000004
5304,4980,3580.31,1902.89,27.140000000000327,16.100000000000136,3566.74,3593.88,1894.84,1910.94,44,2,28.357183393277918,5303.0,14.0,1.0,3634.5900000000006,1951.6500000000005,3526.0299999999993,1854.1299999999994
5305,4981,3552.405,1898.025,30.15000000000009,17.870000000000122,3537.33,3567.48,1889.09,1906.96,14,2,28.323338874503918,5306.0,44.0,1.0,3612.705,1952.1850000000002,3492.1049999999996,1843.8649999999998
5306,4981,3580.31,1902.875,27.140000000000327,16.13000000000011,3566.74,3593.88,1894.81,1910.94,44,2,28.323338874503918,5305.0,14.0,1.0,3634.5900000000006,1951.6500000000005,3526.0299999999993,1854.0999999999995
5307,4982,3580.3,1902.855,27.139999999999876,16.170000000000073,3566.73,3593.87,1894.77,1910.94,44,2,28.278801689604656,5308.0,14.0,1.0,3634.58,1951.6499999999999,3526.02,1854.0600000000002
5308,4982,3552.4350000000004,1898.035,30.15000000000009,17.930000000000067,3537.36,3567.51,1889.07,1907.0,14,2,28.278801689604656,5307.0,44.0,1.0,3612.7350000000006,1952.2250000000001,3492.135,1843.8449999999998
5309,4983,3580.3,1902.84,27.139999999999876,16.200000000000045,3566.73,3593.87,1894.74,1910.94,44,2,28.244986280754336,5310.0,14.0,1.0,3634.58,1951.6499999999999,3526.02,1854.0300000000002
5310,4983,3552.465,1898.045,30.15000000000009,17.990000000000013,3537.39,3567.54,1889.05,1907.04,14,2,28.244986280754336,5309.0,44.0,1.0,3612.7650000000003,1952.265,3492.165,1843.8249999999998
5311,4984,3552.495,1898.06,30.15000000000009,18.039999999999964,3537.42,3567.57,1889.04,1907.08,14,2,28.200483151889525,5312.0,44.0,1.0,3612.795,1952.305,3492.1949999999997,1843.8149999999998
5312,4984,3580.29,1902.825,27.140000000000327,16.230000000000018,3566.72,3593.86,1894.71,1910.94,44,2,28.200483151889525,5311.0,14.0,1.0,3634.5700000000006,1951.6500000000005,3526.0099999999993,1853.9999999999995
5313,4985,3552.525,1898.07,30.15000000000009,18.09999999999991,3537.45,3567.6,1889.02,1907.12,14,2,28.166697090713228,5314.0,44.0,1.0,3612.825,1952.345,3492.2249999999995,1843.7949999999998
5314,4985,3580.29,1902.81,27.140000000000327,16.25999999999999,3566.72,3593.86,1894.68,1910.94,44,2,28.166697090713228,5313.0,14.0,1.0,3634.5700000000006,1951.6500000000005,3526.0099999999993,1853.9699999999996
5315,4986,3552.5550000000007,1898.075,30.15000000000009,18.15000000000009,3537.48,3567.63,1889.0,1907.15,14,2,28.133763079260422,5316.0,44.0,1.0,3612.8550000000005,1952.3750000000002,3492.255,1843.7749999999999
5316,4986,3580.29,1902.795,27.140000000000327,16.289999999999964,3566.72,3593.86,1894.65,1910.94,44,2,28.133763079260422,5315.0,14.0,1.0,3634.5700000000006,1951.6500000000005,3526.0099999999993,1853.9399999999996
5317,4987,3552.585,1898.085,30.149999999999643,18.210000000000036,3537.51,3567.66,1888.98,1907.19,14,2,28.089306239208003,5318.0,44.0,1.0,3612.8849999999993,1952.4149999999995,3492.2850000000008,1843.7550000000006
5318,4987,3580.28,1902.775,27.139999999999876,16.330000000000155,3566.71,3593.85,1894.61,1910.94,44,2,28.089306239208003,5317.0,14.0,1.0,3634.56,1951.6499999999999,3526.0,1853.9
5319,4988,3552.615,1898.095,30.15000000000009,18.269999999999982,3537.54,3567.69,1888.96,1907.23,14,2,28.055560055005547,5320.0,44.0,1.0,3612.915,1952.4550000000002,3492.3149999999996,1843.735
5320,4988,3580.28,1902.76,27.139999999999876,16.360000000000127,3566.71,3593.85,1894.58,1910.94,44,2,28.055560055005547,5319.0,14.0,1.0,3634.56,1951.6499999999999,3526.0,1853.8700000000001
5321,4989,3552.645,1898.11,30.149999999999643,18.319999999999933,3537.57,3567.72,1888.95,1907.27,14,2,28.021000160594053,5322.0,44.0,1.0,3612.9449999999993,1952.4949999999994,3492.3450000000007,1843.7250000000006
5322,4989,3580.28,1902.745,27.139999999999876,16.3900000000001,3566.71,3593.85,1894.55,1910.94,44,2,28.021000160594053,5321.0,14.0,1.0,3634.56,1951.6499999999999,3526.0,1853.8400000000001
5323,4990,3552.675,1898.12,30.15000000000009,18.379999999999878,3537.6,3567.75,1888.93,1907.31,14,2,27.977421700363852,5324.0,44.0,1.0,3612.9750000000004,1952.535,3492.375,1843.705
5324,4990,3580.27,1902.73,27.140000000000327,16.420000000000073,3566.7,3593.84,1894.52,1910.94,44,2,27.977421700363852,5323.0,14.0,1.0,3634.5500000000006,1951.6500000000005,3525.9899999999993,1853.8099999999995
5325,4991,3580.27,1902.715,27.140000000000327,16.450000000000045,3566.7,3593.84,1894.49,1910.94,44,2,27.943719330110678,5326.0,14.0,1.0,3634.5500000000006,1951.6500000000005,3525.9899999999993,1853.7799999999995
5326,4991,3552.705,1898.13,30.15000000000009,18.439999999999827,3537.63,3567.78,1888.91,1907.35,14,2,27.943719330110678,5325.0,44.0,1.0,3613.005,1952.575,3492.4049999999997,1843.685
5327,4992,3552.735,1898.14,30.15000000000009,18.5,3537.66,3567.81,1888.89,1907.39,14,2,27.900165322090917,5328.0,44.0,1.0,3613.035,1952.6150000000002,3492.4349999999995,1843.665
5328,4992,3580.26,1902.7,27.139999999999876,16.480000000000018,3566.69,3593.83,1894.46,1910.94,44,2,27.900165322090917,5327.0,14.0,1.0,3634.54,1951.6499999999999,3525.98,1853.7500000000002
5329,4993,3552.765000000001,1898.15,30.15000000000009,18.560000000000173,3537.69,3567.84,1888.87,1907.43,14,2,27.86567646765405,5330.0,44.0,1.0,3613.0650000000005,1952.6550000000002,3492.465,1843.6449999999998
5330,4993,3580.26,1902.68,27.139999999999876,16.519999999999982,3566.69,3593.83,1894.42,1910.94,44,2,27.86567646765405,5329.0,14.0,1.0,3634.54,1951.6499999999999,3525.98,1853.7100000000003
5331,4994,3552.795,1898.165,30.15000000000009,18.610000000000127,3537.72,3567.87,1888.86,1907.47,14,2,27.831209549712494,5332.0,44.0,1.0,3613.0950000000003,1952.6950000000002,3492.495,1843.6349999999998
5332,4994,3580.26,1902.665,27.139999999999876,16.549999999999955,3566.69,3593.83,1894.39,1910.94,44,2,27.831209549712494,5331.0,14.0,1.0,3634.54,1951.6499999999999,3525.98,1853.6800000000003
5333,4995,3552.825,1898.175,30.15000000000009,18.670000000000073,3537.75,3567.9,1888.84,1907.51,14,2,27.78769961691704,5334.0,44.0,1.0,3613.125,1952.7350000000001,3492.5249999999996,1843.6149999999998
5334,4995,3580.25,1902.65,27.140000000000327,16.580000000000155,3566.68,3593.82,1894.36,1910.94,44,2,27.78769961691704,5333.0,14.0,1.0,3634.5300000000007,1951.6500000000005,3525.9699999999993,1853.6499999999994
5335,4996,3552.855,1898.18,30.149999999999643,18.720000000000027,3537.78,3567.93,1888.82,1907.54,14,2,27.75487434668005,5336.0,44.0,1.0,3613.1549999999993,1952.7649999999994,3492.5550000000007,1843.5950000000005
5336,4996,3580.25,1902.635,27.140000000000327,16.610000000000127,3566.68,3593.82,1894.33,1910.94,44,2,27.75487434668005,5335.0,14.0,1.0,3634.5300000000007,1951.6500000000005,3525.9699999999993,1853.6199999999994
5337,4997,3552.885,1898.19,30.15000000000009,18.779999999999973,3537.81,3567.96,1888.8,1907.58,14,2,27.71138619773422,5338.0,44.0,1.0,3613.1850000000004,1952.805,3492.585,1843.5749999999998
5338,4997,3580.24,1902.62,27.139999999999876,16.6400000000001,3566.67,3593.81,1894.3,1910.94,44,2,27.71138619773422,5337.0,14.0,1.0,3634.52,1951.6499999999999,3525.96,1853.5900000000001
5339,4998,3552.915,1898.2,30.149999999999643,18.83999999999992,3537.84,3567.99,1888.78,1907.62,14,2,27.67698728185546,5340.0,44.0,1.0,3613.2149999999992,1952.8449999999993,3492.6150000000007,1843.5550000000005
5340,4998,3580.24,1902.6,27.139999999999876,16.680000000000064,3566.67,3593.81,1894.26,1910.94,44,2,27.67698728185546,5339.0,14.0,1.0,3634.52,1951.6499999999999,3525.96,1853.5500000000002
5341,4999,3580.24,1902.585,27.139999999999876,16.710000000000036,3566.67,3593.81,1894.23,1910.94,44,2,27.642610676272604,5342.0,14.0,1.0,3634.52,1951.6499999999999,3525.96,1853.5200000000002
5342,4999,3552.945,1898.215,30.15000000000009,18.890000000000104,3537.87,3568.02,1888.77,1907.66,14,2,27.642610676272604,5341.0,44.0,1.0,3613.245,1952.8850000000002,3492.6449999999995,1843.5449999999998
5343,5000,3552.975000000001,1898.225,30.15000000000009,18.95000000000005,3537.9,3568.05,1888.75,1907.7,14,2,27.59916755990942,5344.0,44.0,1.0,3613.2750000000005,1952.9250000000002,3492.675,1843.5249999999999
5344,5000,3580.23,1902.57,27.140000000000327,16.74000000000001,3566.66,3593.8,1894.2,1910.94,44,2,27.59916755990942,5343.0,14.0,1.0,3634.5100000000007,1951.6500000000005,3525.9499999999994,1853.4899999999996
5345,5001,3552.975000000001,1898.16,30.15000000000009,18.899999999999864,3537.9,3568.05,1888.71,1907.61,14,2,27.619346932900896,5346.0,44.0,1.0,3613.2750000000005,1952.835,3492.675,1843.485
5346,5001,3580.24,1902.57,27.139999999999876,16.74000000000001,3566.67,3593.81,1894.2,1910.94,44,2,27.619346932900896,5345.0,14.0,1.0,3634.52,1951.6499999999999,3525.96,1853.4900000000002
5347,5002,3552.9700000000007,1898.1,30.139999999999876,18.83999999999992,3537.9,3568.04,1888.68,1907.52,14,2,27.642985095679567,5348.0,44.0,1.0,3613.25,1952.7299999999998,3492.69,1843.4700000000003
5348,5002,3580.25,1902.565,27.140000000000327,16.75,3566.68,3593.82,1894.19,1910.94,44,2,27.642985095679567,5347.0,14.0,1.0,3634.5300000000007,1951.6500000000005,3525.9699999999993,1853.4799999999996
5349,5003,3552.965,1898.04,30.15000000000009,18.779999999999973,3537.89,3568.04,1888.65,1907.43,14,2,27.66672053207615,5350.0,44.0,1.0,3613.2650000000003,1952.6550000000002,3492.665,1843.425
5350,5003,3580.26,1902.56,27.139999999999876,16.74000000000001,3566.69,3593.83,1894.19,1910.93,44,2,27.66672053207615,5349.0,14.0,1.0,3634.54,1951.6399999999999,3525.98,1853.4800000000002
5351,5004,3552.965,1897.975,30.15000000000009,18.730000000000018,3537.89,3568.04,1888.61,1907.34,14,2,27.68644839989399,5352.0,44.0,1.0,3613.2650000000003,1952.565,3492.665,1843.3849999999998
5352,5004,3580.27,1902.555,27.140000000000327,16.75,3566.7,3593.84,1894.18,1910.93,44,2,27.68644839989399,5351.0,14.0,1.0,3634.5500000000006,1951.6400000000006,3525.9899999999993,1853.4699999999996
5353,5005,3552.965,1897.915,30.15000000000009,18.670000000000073,3537.89,3568.04,1888.58,1907.25,14,2,27.70545884839309,5354.0,44.0,1.0,3613.2650000000003,1952.4750000000001,3492.665,1843.3549999999998
5354,5005,3580.28,1902.55,27.139999999999876,16.74000000000001,3566.71,3593.85,1894.18,1910.92,44,2,27.70545884839309,5353.0,14.0,1.0,3634.56,1951.6299999999999,3526.0,1853.4700000000003
5355,5006,3552.965,1897.845,30.15000000000009,18.610000000000127,3537.89,3568.04,1888.54,1907.15,14,2,27.72711037955433,5356.0,44.0,1.0,3613.2650000000003,1952.3750000000002,3492.665,1843.3149999999998
5356,5006,3580.29,1902.55,27.140000000000327,16.74000000000001,3566.72,3593.86,1894.18,1910.92,44,2,27.72711037955433,5355.0,14.0,1.0,3634.5700000000006,1951.6300000000006,3526.0099999999993,1853.4699999999996
5357,5007,3580.3,1902.545,27.139999999999876,16.75,3566.73,3593.87,1894.17,1910.92,44,2,27.751273844636536,5358.0,14.0,1.0,3634.58,1951.6299999999999,3526.02,1853.4600000000003
5358,5007,3552.96,1897.785,30.140000000000327,18.54999999999995,3537.89,3568.03,1888.51,1907.06,14,2,27.751273844636536,5357.0,44.0,1.0,3613.2400000000007,1952.2700000000004,3492.6799999999994,1843.2999999999995
5359,5008,3552.955,1897.725,30.15000000000009,18.490000000000013,3537.88,3568.03,1888.48,1906.97,14,2,27.775533298210522,5360.0,44.0,1.0,3613.255,1952.1950000000002,3492.6549999999997,1843.2549999999999
5360,5008,3580.31,1902.54,27.140000000000327,16.74000000000001,3566.74,3593.88,1894.17,1910.91,44,2,27.775533298210522,5359.0,14.0,1.0,3634.5900000000006,1951.6200000000006,3526.0299999999993,1853.4599999999996
5361,5009,3552.955,1897.66,30.15000000000009,18.44000000000005,3537.88,3568.03,1888.44,1906.88,14,2,27.795842314994033,5362.0,44.0,1.0,3613.255,1952.1050000000002,3492.6549999999997,1843.215
5362,5009,3580.32,1902.535,27.139999999999876,16.75,3566.75,3593.89,1894.16,1910.91,44,2,27.795842314994033,5361.0,14.0,1.0,3634.6,1951.62,3526.04,1853.4500000000003
5363,5010,3552.955,1897.6,30.15000000000009,18.379999999999878,3537.88,3568.03,1888.41,1906.79,14,2,27.81538288429625,5364.0,44.0,1.0,3613.255,1952.015,3492.6549999999997,1843.185
5364,5010,3580.33,1902.53,27.139999999999876,16.74000000000001,3566.76,3593.9,1894.16,1910.9,44,2,27.81538288429625,5363.0,14.0,1.0,3634.61,1951.61,3526.05,1853.4500000000003
5365,5011,3552.95,1897.535,30.139999999999876,18.330000000000158,3537.88,3568.02,1888.37,1906.7,14,2,27.84173351284034,5366.0,44.0,1.0,3613.23,1951.9099999999999,3492.67,1843.16
5366,5011,3580.34,1902.53,27.139999999999876,16.74000000000001,3566.77,3593.91,1894.16,1910.9,44,2,27.84173351284034,5365.0,14.0,1.0,3634.62,1951.61,3526.06,1853.4500000000003
5367,5012,3552.95,1897.475,30.139999999999876,18.269999999999982,3537.88,3568.02,1888.34,1906.61,14,2,27.861487756400532,5368.0,44.0,1.0,3613.23,1951.8199999999997,3492.67,1843.13
5368,5012,3580.350000000001,1902.525,27.139999999999876,16.75,3566.78,3593.92,1894.15,1910.9,44,2,27.861487756400532,5367.0,14.0,1.0,3634.63,1951.61,3526.07,1853.4400000000003
5369,5013,3552.945,1897.415,30.15000000000009,18.210000000000036,3537.87,3568.02,1888.31,1906.52,14,2,27.88625557510363,5370.0,44.0,1.0,3613.245,1951.7450000000001,3492.6449999999995,1843.0849999999998
5370,5013,3580.36,1902.52,27.139999999999876,16.74000000000001,3566.79,3593.93,1894.15,1910.89,44,2,27.88625557510363,5369.0,14.0,1.0,3634.64,1951.6,3526.08,1853.4400000000003
5371,5014,3580.37,1902.515,27.139999999999876,16.75,3566.8,3593.94,1894.14,1910.89,44,2,27.907129017510687,5372.0,14.0,1.0,3634.65,1951.6,3526.09,1853.4300000000003
5372,5014,3552.945,1897.35,30.15000000000009,18.16000000000008,3537.87,3568.02,1888.27,1906.43,14,2,27.907129017510687,5371.0,44.0,1.0,3613.245,1951.6550000000002,3492.6449999999995,1843.0449999999998
5373,5015,3552.945,1897.29,30.15000000000009,18.09999999999991,3537.87,3568.02,1888.24,1906.34,14,2,27.92718433712925,5374.0,44.0,1.0,3613.245,1951.565,3492.6449999999995,1843.0149999999999
5374,5015,3580.38,1902.51,27.139999999999876,16.74000000000001,3566.81,3593.95,1894.14,1910.88,44,2,27.92718433712925,5373.0,14.0,1.0,3634.66,1951.59,3526.1,1853.4300000000003
5375,5016,3552.94,1897.22,30.140000000000327,18.039999999999964,3537.87,3568.01,1888.2,1906.24,14,2,27.955081827818702,5376.0,44.0,1.0,3613.2200000000007,1951.4500000000005,3492.6599999999994,1842.9899999999996
5376,5016,3580.390000000001,1902.51,27.139999999999876,16.74000000000001,3566.82,3593.96,1894.14,1910.88,44,2,27.955081827818702,5375.0,14.0,1.0,3634.67,1951.59,3526.11,1853.4300000000003
5377,5017,3552.94,1897.16,30.140000000000327,17.980000000000018,3537.87,3568.01,1888.17,1906.15,14,2,27.97535745973592,5378.0,44.0,1.0,3613.2200000000007,1951.3600000000006,3492.6599999999994,1842.9599999999996
5378,5017,3580.4,1902.505,27.139999999999876,16.75,3566.83,3593.97,1894.13,1910.88,44,2,27.97535745973592,5377.0,14.0,1.0,3634.68,1951.59,3526.12,1853.4200000000003
5379,5018,3552.9350000000004,1897.095,30.15000000000009,17.929999999999836,3537.86,3568.01,1888.13,1906.06,14,2,28.001600847093897,5380.0,44.0,1.0,3613.2350000000006,1951.285,3492.635,1842.905
5380,5018,3580.41,1902.5,27.139999999999876,16.739999999999778,3566.84,3593.98,1894.13,1910.87,44,2,28.001600847093897,5379.0,14.0,1.0,3634.69,1951.5799999999997,3526.13,1853.4200000000003
5381,5019,3552.9350000000004,1897.035,30.15000000000009,17.870000000000122,3537.86,3568.01,1888.1,1905.97,14,2,28.022077456890663,5382.0,44.0,1.0,3613.2350000000006,1951.1950000000002,3492.635,1842.8749999999998
5382,5019,3580.42,1902.495,27.139999999999876,16.75,3566.85,3593.99,1894.12,1910.87,44,2,28.022077456890663,5381.0,14.0,1.0,3634.7,1951.5799999999997,3526.14,1853.41
5383,5020,3552.9350000000004,1896.975,30.15000000000009,17.810000000000173,3537.86,3568.01,1888.07,1905.88,14,2,28.042650552328684,5384.0,44.0,1.0,3613.2350000000006,1951.1050000000002,3492.635,1842.8449999999998
5384,5020,3580.4300000000007,1902.49,27.139999999999876,16.74000000000001,3566.86,3594.0,1894.12,1910.86,44,2,28.042650552328684,5383.0,14.0,1.0,3634.71,1951.5699999999997,3526.15,1853.41
5385,5021,3552.9300000000007,1896.91,30.139999999999876,17.759999999999987,3537.86,3568.0,1888.03,1905.79,14,2,28.07020662553023,5386.0,44.0,1.0,3613.21,1950.9999999999998,3492.65,1842.8200000000002
5386,5021,3580.44,1902.49,27.140000000000327,16.74000000000001,3566.87,3594.01,1894.12,1910.86,44,2,28.07020662553023,5385.0,14.0,1.0,3634.7200000000007,1951.5700000000004,3526.1599999999994,1853.4099999999994
5387,5022,3580.45,1902.485,27.139999999999876,16.75,3566.88,3594.02,1894.11,1910.86,44,2,28.090988323659047,5388.0,14.0,1.0,3634.73,1951.5699999999997,3526.17,1853.4
5388,5022,3552.9300000000007,1896.85,30.139999999999876,17.70000000000005,3537.86,3568.0,1888.0,1905.7,14,2,28.090988323659047,5387.0,44.0,1.0,3613.21,1950.9099999999999,3492.65,1842.7900000000002
5389,5023,3580.46,1902.48,27.140000000000327,16.74000000000001,3566.89,3594.03,1894.11,1910.85,44,2,28.117774627448583,5390.0,14.0,1.0,3634.7400000000007,1951.5600000000004,3526.1799999999994,1853.3999999999994
5390,5023,3552.925,1896.785,30.15000000000009,17.649999999999864,3537.85,3568.0,1887.96,1905.61,14,2,28.117774627448583,5389.0,44.0,1.0,3613.2250000000004,1950.835,3492.625,1842.735
5391,5024,3552.925,1896.725,30.15000000000009,17.589999999999918,3537.85,3568.0,1887.93,1905.52,14,2,28.138754858735826,5392.0,44.0,1.0,3613.2250000000004,1950.7450000000001,3492.625,1842.705
5392,5024,3580.4700000000007,1902.475,27.139999999999876,16.75,3566.9,3594.04,1894.1,1910.85,44,2,28.138754858735826,5391.0,14.0,1.0,3634.75,1951.5599999999997,3526.19,1853.39
5393,5025,3552.925,1896.665,30.15000000000009,17.529999999999973,3537.85,3568.0,1887.9,1905.43,14,2,28.159830432727958,5394.0,44.0,1.0,3613.2250000000004,1950.6550000000002,3492.625,1842.675
5394,5025,3580.48,1902.47,27.140000000000327,16.74000000000001,3566.91,3594.05,1894.1,1910.84,44,2,28.159830432727958,5393.0,14.0,1.0,3634.7600000000007,1951.5500000000004,3526.1999999999994,1853.3899999999994
5395,5026,3552.9350000000004,1896.705,30.15000000000009,17.529999999999973,3537.86,3568.01,1887.94,1905.47,14,2,28.151611854385305,5396.0,44.0,1.0,3613.2350000000006,1950.6950000000002,3492.635,1842.715
5396,5026,3580.49,1902.47,27.139999999999876,16.74000000000001,3566.92,3594.06,1894.1,1910.84,44,2,28.151611854385305,5395.0,14.0,1.0,3634.77,1951.5499999999997,3526.21,1853.39
5397,5027,3552.945,1896.745,30.15000000000009,17.529999999999973,3537.87,3568.02,1887.98,1905.51,14,2,28.142431042822,5398.0,44.0,1.0,3613.245,1950.7350000000001,3492.6449999999995,1842.7549999999999
5398,5027,3580.5,1902.465,27.140000000000327,16.75,3566.93,3594.07,1894.09,1910.84,44,2,28.142431042822,5397.0,14.0,1.0,3634.7800000000007,1951.5500000000004,3526.2199999999993,1853.3799999999994
5399,5028,3552.96,1896.785,30.140000000000327,17.529999999999973,3537.89,3568.03,1888.02,1905.55,14,2,28.128422014041412,5400.0,44.0,1.0,3613.2400000000007,1950.7600000000004,3492.6799999999994,1842.8099999999995
5400,5028,3580.51,1902.46,27.139999999999876,16.74000000000001,3566.94,3594.08,1894.09,1910.83,44,2,28.128422014041412,5399.0,14.0,1.0,3634.79,1951.5399999999997,3526.23,1853.38
5401,5029,3552.9700000000007,1896.825,30.139999999999876,17.529999999999973,3537.9,3568.04,1888.06,1905.59,14,2,28.120379175963468,5402.0,44.0,1.0,3613.25,1950.7999999999997,3492.69,1842.8500000000001
5402,5029,3580.52,1902.46,27.140000000000327,16.74000000000001,3566.95,3594.09,1894.09,1910.83,44,2,28.120379175963468,5401.0,14.0,1.0,3634.8000000000006,1951.5400000000004,3526.2399999999993,1853.3799999999994
5403,5030,3552.985,1896.865,30.15000000000009,17.5300000000002,3537.91,3568.06,1888.1,1905.63,14,2,28.10550213036594,5404.0,44.0,1.0,3613.285,1950.8550000000002,3492.6849999999995,1842.8749999999998
5404,5030,3580.53,1902.45,27.139999999999876,16.74000000000001,3566.96,3594.1,1894.08,1910.82,44,2,28.10550213036594,5403.0,14.0,1.0,3634.81,1951.5299999999997,3526.25,1853.3700000000001
5405,5031,3580.54,1902.45,27.140000000000327,16.74000000000001,3566.97,3594.11,1894.08,1910.82,44,2,28.097580856721542,5406.0,14.0,1.0,3634.8200000000006,1951.5300000000004,3526.2599999999993,1853.3699999999994
5406,5031,3552.995,1896.905,30.15000000000009,17.529999999999973,3537.92,3568.07,1888.14,1905.67,14,2,28.097580856721542,5405.0,44.0,1.0,3613.295,1950.8950000000002,3492.6949999999997,1842.915
5407,5032,3553.005,1896.945,30.15000000000009,17.529999999999973,3537.93,3568.08,1888.18,1905.71,14,2,28.088734841569565,5408.0,44.0,1.0,3613.3050000000003,1950.9350000000002,3492.705,1842.955
5408,5032,3580.55,1902.445,27.139999999999876,16.75,3566.98,3594.12,1894.07,1910.82,44,2,28.088734841569565,5407.0,14.0,1.0,3634.83,1951.5299999999997,3526.27,1853.3600000000001
5409,5033,3553.02,1896.985,30.140000000000327,17.529999999999973,3537.95,3568.09,1888.22,1905.75,14,2,28.075053428266166,5410.0,44.0,1.0,3613.3000000000006,1950.9600000000005,3492.7399999999993,1843.0099999999995
5410,5033,3580.56,1902.44,27.140000000000327,16.74000000000001,3566.99,3594.13,1894.07,1910.81,44,2,28.075053428266166,5409.0,14.0,1.0,3634.8400000000006,1951.5200000000004,3526.2799999999993,1853.3599999999994
5411,5034,3553.03,1897.025,30.139999999999876,17.529999999999973,3537.96,3568.1,1888.26,1905.79,14,2,28.067308830737545,5412.0,44.0,1.0,3613.31,1950.9999999999998,3492.75,1843.0500000000002
5412,5034,3580.57,1902.44,27.139999999999876,16.74000000000001,3567.0,3594.14,1894.07,1910.81,44,2,28.067308830737545,5411.0,14.0,1.0,3634.85,1951.5199999999998,3526.29,1853.3600000000001
5413,5035,3553.045,1897.065,30.15000000000009,17.529999999999973,3537.97,3568.12,1888.3,1905.83,14,2,28.052797543203994,5414.0,44.0,1.0,3613.3450000000003,1951.055,3492.745,1843.0749999999998
5414,5035,3580.58,1902.43,27.139999999999876,16.74000000000001,3567.01,3594.15,1894.06,1910.8,44,2,28.052797543203994,5413.0,14.0,1.0,3634.86,1951.5099999999998,3526.3,1853.3500000000001
5415,5036,3553.0550000000007,1897.105,30.15000000000009,17.529999999999973,3537.98,3568.13,1888.34,1905.87,14,2,28.04517516436593,5416.0,44.0,1.0,3613.3550000000005,1951.095,3492.755,1843.1149999999998
5416,5036,3580.59,1902.43,27.139999999999876,16.74000000000001,3567.02,3594.16,1894.06,1910.8,44,2,28.04517516436593,5415.0,14.0,1.0,3634.87,1951.5099999999998,3526.31,1853.3500000000001
5417,5037,3553.065,1897.145,30.15000000000009,17.529999999999973,3537.99,3568.14,1888.38,1905.91,14,2,28.03666572543964,5418.0,44.0,1.0,3613.365,1951.1350000000002,3492.7649999999994,1843.155
5418,5037,3580.600000000001,1902.425,27.139999999999876,16.75,3567.03,3594.17,1894.05,1910.8,44,2,28.03666572543964,5417.0,14.0,1.0,3634.88,1951.5099999999998,3526.32,1853.3400000000001
5419,5038,3580.61,1902.42,27.139999999999876,16.74000000000001,3567.04,3594.18,1894.05,1910.79,44,2,28.023313954634492,5420.0,14.0,1.0,3634.89,1951.4999999999998,3526.33,1853.3400000000001
5420,5038,3553.08,1897.185,30.139999999999876,17.529999999999973,3538.01,3568.15,1888.42,1905.95,14,2,28.023313954634492,5419.0,44.0,1.0,3613.36,1951.1599999999999,3492.8,1843.2100000000003
5421,5039,3580.62,1902.42,27.139999999999876,16.74000000000001,3567.05,3594.19,1894.05,1910.79,44,2,28.01586916374339,5422.0,14.0,1.0,3634.9,1951.4999999999998,3526.34,1853.3400000000001
5422,5039,3553.09,1897.225,30.139999999999876,17.529999999999973,3538.02,3568.16,1888.46,1905.99,14,2,28.01586916374339,5421.0,44.0,1.0,3613.37,1951.1999999999998,3492.81,1843.2500000000002
5423,5040,3553.105,1897.265,30.149999999999643,17.529999999999973,3538.03,3568.18,1888.5,1906.03,14,2,28.001725839669326,5424.0,44.0,1.0,3613.4049999999993,1951.2549999999994,3492.8050000000007,1843.2750000000005
5424,5040,3580.63,1902.41,27.139999999999876,16.74000000000001,3567.06,3594.2,1894.04,1910.78,44,2,28.001725839669326,5423.0,14.0,1.0,3634.91,1951.4899999999998,3526.35,1853.3300000000002
5425,5041,3553.115,1897.305,30.15000000000009,17.529999999999973,3538.04,3568.19,1888.54,1906.07,14,2,27.994403905067443,5426.0,44.0,1.0,3613.415,1951.295,3492.8149999999996,1843.3149999999998
5426,5041,3580.640000000001,1902.41,27.139999999999876,16.74000000000001,3567.07,3594.21,1894.04,1910.78,44,2,27.994403905067443,5425.0,14.0,1.0,3634.92,1951.4899999999998,3526.36,1853.3300000000002
5427,5042,3553.125,1897.345,30.149999999999643,17.529999999999973,3538.05,3568.2,1888.58,1906.11,14,2,27.986232776134848,5428.0,44.0,1.0,3613.4249999999993,1951.3349999999994,3492.8250000000007,1843.3550000000005
5428,5042,3580.65,1902.405,27.139999999999876,16.75,3567.08,3594.22,1894.03,1910.78,44,2,27.986232776134848,5427.0,14.0,1.0,3634.93,1951.4899999999998,3526.37,1853.3200000000002
5429,5043,3553.140000000001,1897.385,30.139999999999876,17.5300000000002,3538.07,3568.21,1888.62,1906.15,14,2,27.97321263280194,5430.0,44.0,1.0,3613.42,1951.36,3492.86,1843.41
5430,5043,3580.66,1902.4,27.139999999999876,16.74000000000001,3567.09,3594.23,1894.03,1910.77,44,2,27.97321263280194,5429.0,14.0,1.0,3634.94,1951.4799999999998,3526.38,1853.3200000000002
5431,5044,3553.155,1897.425,30.15000000000009,17.529999999999973,3538.08,3568.23,1888.66,1906.19,14,2,27.96114893919766,5432.0,44.0,1.0,3613.455,1951.4150000000002,3492.8549999999996,1843.435
5432,5044,3580.67,1902.4,27.139999999999876,16.74000000000001,3567.1,3594.24,1894.03,1910.77,44,2,27.96114893919766,5431.0,14.0,1.0,3634.95,1951.4799999999998,3526.39,1853.3200000000002
5433,5045,3553.165,1897.465,30.149999999999643,17.529999999999973,3538.09,3568.24,1888.7,1906.23,14,2,27.952295970099573,5434.0,44.0,1.0,3613.4649999999992,1951.4549999999995,3492.8650000000007,1843.4750000000006
5434,5045,3580.6800000000007,1902.39,27.139999999999876,16.74000000000001,3567.11,3594.25,1894.02,1910.76,44,2,27.952295970099573,5433.0,14.0,1.0,3634.96,1951.4699999999998,3526.4,1853.3100000000002
5435,5046,3553.175,1897.505,30.15000000000009,17.529999999999973,3538.1,3568.25,1888.74,1906.27,14,2,27.945275987185973,5436.0,44.0,1.0,3613.4750000000004,1951.4950000000001,3492.875,1843.5149999999999
5436,5046,3580.69,1902.39,27.140000000000327,16.74000000000001,3567.12,3594.26,1894.02,1910.76,44,2,27.945275987185973,5435.0,14.0,1.0,3634.9700000000007,1951.4700000000005,3526.4099999999994,1853.3099999999995
5437,5047,3580.7,1902.385,27.139999999999876,16.75,3567.13,3594.27,1894.01,1910.76,44,2,27.93744485453112,5438.0,14.0,1.0,3634.98,1951.4699999999998,3526.42,1853.3000000000002
5438,5047,3553.1850000000004,1897.545,30.15000000000009,17.529999999999973,3538.11,3568.26,1888.78,1906.31,14,2,27.93744485453112,5437.0,44.0,1.0,3613.4850000000006,1951.535,3492.885,1843.5549999999998
5439,5048,3553.2,1897.585,30.139999999999876,17.529999999999973,3538.13,3568.27,1888.82,1906.35,14,2,27.924758280064175,5440.0,44.0,1.0,3613.48,1951.5599999999997,3492.92,1843.6100000000001
5440,5048,3580.71,1902.38,27.140000000000327,16.74000000000001,3567.14,3594.28,1894.01,1910.75,44,2,27.924758280064175,5439.0,14.0,1.0,3634.9900000000007,1951.4600000000005,3526.4299999999994,1853.2999999999995
5441,5049,3553.215,1897.625,30.15000000000009,17.5300000000002,3538.14,3568.29,1888.86,1906.39,14,2,27.912990703255574,5442.0,44.0,1.0,3613.5150000000003,1951.6150000000002,3492.915,1843.6349999999998
5442,5049,3580.7200000000007,1902.38,27.139999999999876,16.74000000000001,3567.15,3594.29,1894.01,1910.75,44,2,27.912990703255574,5441.0,14.0,1.0,3635.0,1951.4599999999998,3526.44,1853.3000000000002
5443,5050,3553.225000000001,1897.665,30.15000000000009,17.529999999999973,3538.15,3568.3,1888.9,1906.43,14,2,27.904516659493588,5444.0,44.0,1.0,3613.5250000000005,1951.6550000000002,3492.925,1843.675
5444,5050,3580.73,1902.37,27.140000000000327,16.74000000000001,3567.16,3594.3,1894.0,1910.74,44,2,27.904516659493588,5443.0,14.0,1.0,3635.0100000000007,1951.4500000000005,3526.4499999999994,1853.2899999999995
5446,5051,3553.24,1897.685,30.139999999999876,17.529999999999973,3538.17,3568.31,1888.92,1906.45,14,3,27.909445085848866,5447.0,44.0,1.0,3613.52,1951.6599999999999,3492.96,1843.7100000000003
5447,5051,3580.75,1902.39,27.140000000000327,16.74000000000001,3567.18,3594.32,1894.02,1910.76,44,3,27.909445085848866,5446.0,14.0,1.0,3635.0300000000007,1951.4700000000005,3526.4699999999993,1853.3099999999995
5449,5052,3553.255,1897.705,30.15000000000009,17.529999999999973,3538.18,3568.33,1888.94,1906.47,14,3,27.91268976648425,5450.0,44.0,1.0,3613.5550000000003,1951.6950000000002,3492.955,1843.715
5450,5052,3580.77,1902.4,27.140000000000327,16.74000000000001,3567.2,3594.34,1894.03,1910.77,44,3,27.91268976648425,5449.0,14.0,1.0,3635.0500000000006,1951.4800000000005,3526.4899999999993,1853.3199999999995
5451,5053,3580.79,1902.41,27.140000000000327,16.74000000000001,3567.22,3594.36,1894.04,1910.78,44,3,27.91100947654876,5453.0,14.0,1.0,3635.0700000000006,1951.4900000000005,3526.5099999999993,1853.3299999999995
5453,5053,3553.275,1897.725,30.15000000000009,17.529999999999973,3538.2,3568.35,1888.96,1906.49,14,3,27.91100947654876,5451.0,44.0,1.0,3613.575,1951.7150000000001,3492.9749999999995,1843.735
5455,5054,3553.295,1897.745,30.15000000000009,17.529999999999973,3538.22,3568.37,1888.98,1906.51,14,3,27.91100947654876,5456.0,44.0,1.0,3613.5950000000003,1951.7350000000001,3492.995,1843.7549999999999
5456,5054,3580.81,1902.43,27.140000000000327,16.74000000000001,3567.24,3594.38,1894.06,1910.8,44,3,27.91100947654876,5455.0,14.0,1.0,3635.0900000000006,1951.5100000000004,3526.5299999999993,1853.3499999999995
5458,5055,3553.31,1897.765,30.140000000000327,17.529999999999973,3538.24,3568.38,1889.0,1906.53,14,3,27.914262035740773,5459.0,44.0,1.0,3613.5900000000006,1951.7400000000005,3493.0299999999993,1843.7899999999995
5459,5055,3580.83,1902.44,27.139999999999876,16.74000000000001,3567.26,3594.4,1894.07,1910.81,44,3,27.914262035740773,5458.0,14.0,1.0,3635.11,1951.5199999999998,3526.55,1853.3600000000001
5461,5056,3553.325,1897.785,30.15000000000009,17.529999999999973,3538.25,3568.4,1889.02,1906.55,14,3,27.91751869346656,5462.0,44.0,1.0,3613.625,1951.775,3493.0249999999996,1843.7949999999998
5462,5056,3580.850000000001,1902.45,27.139999999999876,16.74000000000001,3567.28,3594.42,1894.08,1910.82,44,3,27.91751869346656,5461.0,14.0,1.0,3635.13,1951.5299999999997,3526.57,1853.3700000000001
5464,5057,3553.3450000000007,1897.805,30.15000000000009,17.529999999999973,3538.27,3568.42,1889.04,1906.57,14,3,27.917518693464764,5465.0,44.0,1.0,3613.6450000000004,1951.795,3493.045,1843.8149999999998
5465,5057,3580.87,1902.47,27.139999999999876,16.74000000000001,3567.3,3594.44,1894.1,1910.84,44,3,27.917518693464764,5464.0,14.0,1.0,3635.15,1951.5499999999997,3526.59,1853.39
5466,5058,3580.890000000001,1902.48,27.139999999999876,16.74000000000001,3567.32,3594.46,1894.11,1910.85,44,3,27.920779448289686,5467.0,14.0,1.0,3635.17,1951.5599999999997,3526.61,1853.4
5467,5058,3553.36,1897.825,30.139999999999876,17.529999999999973,3538.29,3568.43,1889.06,1906.59,14,3,27.920779448289686,5466.0,44.0,1.0,3613.64,1951.7999999999997,3493.08,1843.8500000000001
5470,5059,3553.375,1897.85,30.149999999999643,17.519999999999982,3538.3,3568.45,1889.09,1906.61,14,3,27.923213013548295,5471.0,44.0,1.0,3613.6749999999993,1951.8349999999994,3493.0750000000007,1843.8650000000005
5471,5059,3580.91,1902.49,27.139999999999876,16.74000000000001,3567.34,3594.48,1894.12,1910.86,44,3,27.923213013548295,5470.0,14.0,1.0,3635.19,1951.5699999999997,3526.63,1853.41
5473,5060,3553.395,1897.875,30.149999999999643,17.5300000000002,3538.32,3568.47,1889.11,1906.64,14,3,27.92238259891233,5474.0,44.0,1.0,3613.6949999999993,1951.8649999999996,3493.0950000000007,1843.8850000000004
5474,5060,3580.9300000000007,1902.51,27.139999999999876,16.74000000000001,3567.36,3594.5,1894.14,1910.88,44,3,27.92238259891233,5473.0,14.0,1.0,3635.21,1951.59,3526.65,1853.4300000000003
5476,5061,3553.41,1897.895,30.139999999999876,17.529999999999973,3538.34,3568.48,1889.13,1906.66,14,3,27.92565531907887,5477.0,44.0,1.0,3613.69,1951.87,3493.13,1843.9200000000003
5477,5061,3580.95,1902.52,27.139999999999876,16.74000000000001,3567.38,3594.52,1894.15,1910.89,44,3,27.92565531907887,5476.0,14.0,1.0,3635.23,1951.6,3526.67,1853.4400000000003
5479,5062,3553.425,1897.915,30.15000000000009,17.529999999999973,3538.35,3568.5,1889.15,1906.68,14,3,27.928932131394305,5480.0,44.0,1.0,3613.7250000000004,1951.9050000000002,3493.125,1843.925
5480,5062,3580.9700000000007,1902.53,27.139999999999876,16.74000000000001,3567.4,3594.54,1894.16,1910.9,44,3,27.928932131394305,5479.0,14.0,1.0,3635.25,1951.61,3526.69,1853.4500000000003
5481,5063,3580.99,1902.55,27.139999999999876,16.74000000000001,3567.42,3594.56,1894.18,1910.92,44,3,27.928932131393406,5482.0,14.0,1.0,3635.27,1951.6299999999999,3526.71,1853.4700000000003
5482,5063,3553.445,1897.935,30.15000000000009,17.529999999999973,3538.37,3568.52,1889.17,1906.7,14,3,27.928932131393406,5481.0,44.0,1.0,3613.745,1951.9250000000002,3493.1449999999995,1843.945
5485,5064,3553.465,1897.955,30.15000000000009,17.529999999999973,3538.39,3568.54,1889.19,1906.72,14,3,27.92728146454653,5486.0,44.0,1.0,3613.7650000000003,1951.9450000000002,3493.165,1843.965
5486,5064,3581.01,1902.56,27.139999999999876,16.74000000000001,3567.44,3594.58,1894.19,1910.93,44,3,27.92728146454653,5485.0,14.0,1.0,3635.29,1951.6399999999999,3526.73,1853.4800000000002
5488,5065,3553.48,1897.975,30.140000000000327,17.529999999999973,3538.41,3568.55,1889.21,1906.74,14,3,27.930566141773966,5489.0,44.0,1.0,3613.7600000000007,1951.9500000000005,3493.1999999999994,1843.9999999999995
5489,5065,3581.03,1902.57,27.139999999999876,16.74000000000001,3567.46,3594.6,1894.2,1910.94,44,3,27.930566141773966,5488.0,14.0,1.0,3635.31,1951.6499999999999,3526.75,1853.4900000000002
5491,5066,3553.495,1897.995,30.15000000000009,17.529999999999973,3538.42,3568.57,1889.23,1906.76,14,3,27.935498026704593,5492.0,44.0,1.0,3613.795,1951.9850000000001,3493.1949999999997,1844.0049999999999
5492,5066,3581.05,1902.59,27.139999999999876,16.74000000000001,3567.48,3594.62,1894.22,1910.96,44,3,27.935498026704593,5491.0,14.0,1.0,3635.33,1951.6699999999998,3526.77,1853.5100000000002
5493,5067,3581.07,1902.6,27.139999999999876,16.74000000000001,3567.5,3594.64,1894.23,1910.97,44,3,27.933854907619967,5494.0,14.0,1.0,3635.35,1951.6799999999998,3526.79,1853.5200000000002
5494,5067,3553.515000000001,1898.015,30.15000000000009,17.529999999999973,3538.44,3568.59,1889.25,1906.78,14,3,27.933854907619967,5493.0,44.0,1.0,3613.8150000000005,1952.005,3493.215,1844.0249999999999
5497,5068,3553.53,1898.035,30.139999999999876,17.529999999999973,3538.46,3568.6,1889.27,1906.8,14,3,27.937147760642915,5498.0,44.0,1.0,3613.81,1952.0099999999998,3493.25,1844.0600000000002
5498,5068,3581.09,1902.61,27.139999999999876,16.74000000000001,3567.52,3594.66,1894.24,1910.98,44,3,27.937147760642915,5497.0,14.0,1.0,3635.37,1951.6899999999998,3526.81,1853.5300000000002
5500,5069,3553.545,1898.06,30.15000000000009,17.519999999999982,3538.47,3568.62,1889.3,1906.82,14,3,27.941262050952613,5501.0,44.0,1.0,3613.8450000000003,1952.045,3493.245,1844.0749999999998
5501,5069,3581.11,1902.63,27.139999999999876,16.74000000000001,3567.54,3594.68,1894.26,1911.0,44,3,27.941262050952613,5500.0,14.0,1.0,3635.39,1951.7099999999998,3526.83,1853.5500000000002
5503,5070,3553.565,1898.085,30.15000000000009,17.529999999999973,3538.49,3568.64,1889.32,1906.85,14,3,27.938812608985437,5504.0,44.0,1.0,3613.865,1952.075,3493.2649999999994,1844.0949999999998
5504,5070,3581.13,1902.64,27.139999999999876,16.74000000000001,3567.56,3594.7,1894.27,1911.01,44,3,27.938812608985437,5503.0,14.0,1.0,3635.41,1951.7199999999998,3526.85,1853.5600000000002
5505,5071,3553.58,1898.105,30.139999999999876,17.529999999999973,3538.51,3568.65,1889.34,1906.87,14,3,27.942117403661623,5506.0,44.0,1.0,3613.86,1952.0799999999997,3493.3,1844.13
5506,5071,3581.15,1902.65,27.139999999999876,16.74000000000001,3567.58,3594.72,1894.28,1911.02,44,3,27.942117403661623,5505.0,14.0,1.0,3635.43,1951.7299999999998,3526.87,1853.5700000000002
5508,5072,3553.5950000000007,1898.125,30.15000000000009,17.5300000000002,3538.52,3568.67,1889.36,1906.89,14,3,27.947050828306832,5509.0,44.0,1.0,3613.8950000000004,1952.1150000000002,3493.295,1844.1349999999998
5509,5072,3581.17,1902.67,27.139999999999876,16.74000000000001,3567.6,3594.74,1894.3,1911.04,44,3,27.947050828306832,5508.0,14.0,1.0,3635.45,1951.7499999999998,3526.89,1853.5900000000001
5511,5073,3553.615,1898.145,30.15000000000009,17.529999999999973,3538.54,3568.69,1889.38,1906.91,14,3,27.945426280520678,5512.0,44.0,1.0,3613.915,1952.1350000000002,3493.3149999999996,1844.155
5512,5073,3581.19,1902.68,27.140000000000327,16.74000000000001,3567.62,3594.76,1894.31,1911.05,44,3,27.945426280520678,5511.0,14.0,1.0,3635.4700000000007,1951.7600000000004,3526.9099999999994,1853.5999999999995
5514,5074,3581.21,1902.69,27.140000000000327,16.74000000000001,3567.64,3594.78,1894.32,1911.06,44,3,27.943805216898983,5516.0,14.0,1.0,3635.4900000000007,1951.7700000000004,3526.9299999999994,1853.6099999999994
5516,5074,3553.635,1898.165,30.15000000000009,17.529999999999973,3538.56,3568.71,1889.4,1906.93,14,3,27.943805216898983,5514.0,44.0,1.0,3613.9350000000004,1952.1550000000002,3493.335,1844.175
5517,5075,3553.65,1898.185,30.139999999999876,17.529999999999973,3538.58,3568.72,1889.42,1906.95,14,2,27.948739238112278,5518.0,44.0,1.0,3613.93,1952.1599999999999,3493.37,1844.2100000000003
5518,5075,3581.23,1902.71,27.140000000000327,16.74000000000001,3567.66,3594.8,1894.34,1911.08,44,2,27.948739238112278,5517.0,14.0,1.0,3635.5100000000007,1951.7900000000004,3526.9499999999994,1853.6299999999994
5519,5076,3553.665,1898.205,30.149999999999643,17.529999999999973,3538.59,3568.74,1889.44,1906.97,14,2,27.952056274986337,5520.0,44.0,1.0,3613.9649999999992,1952.1949999999995,3493.3650000000007,1844.2150000000006
5520,5076,3581.25,1902.72,27.140000000000327,16.74000000000001,3567.68,3594.82,1894.35,1911.09,44,2,27.952056274986337,5519.0,14.0,1.0,3635.5300000000007,1951.8000000000004,3526.9699999999993,1853.6399999999994
5521,5077,3553.6850000000004,1898.225,30.15000000000009,17.529999999999973,3538.61,3568.76,1889.46,1906.99,14,2,27.95044275141233,5522.0,44.0,1.0,3613.9850000000006,1952.2150000000001,3493.385,1844.235
5522,5077,3581.27,1902.73,27.140000000000327,16.74000000000001,3567.7,3594.84,1894.36,1911.1,44,2,27.95044275141233,5521.0,14.0,1.0,3635.5500000000006,1951.8100000000004,3526.9899999999993,1853.6499999999994
5523,5078,3553.7,1898.245,30.139999999999876,17.529999999999973,3538.63,3568.77,1889.48,1907.01,14,2,27.955377389690327,5524.0,44.0,1.0,3613.98,1952.2199999999998,3493.42,1844.2700000000002
5524,5078,3581.29,1902.75,27.140000000000327,16.739999999999778,3567.72,3594.86,1894.38,1911.12,44,2,27.955377389690327,5523.0,14.0,1.0,3635.5700000000006,1951.8300000000004,3527.0099999999993,1853.6699999999996
5525,5079,3553.715,1898.27,30.15000000000009,17.519999999999982,3538.64,3568.79,1889.51,1907.03,14,2,27.957899152117797,5526.0,44.0,1.0,3614.0150000000003,1952.255,3493.415,1844.2849999999999
5526,5079,3581.31,1902.76,27.140000000000327,16.74000000000001,3567.74,3594.88,1894.39,1911.13,44,2,27.957899152117797,5525.0,14.0,1.0,3635.5900000000006,1951.8400000000006,3527.0299999999993,1853.6799999999996
5527,5080,3553.735,1898.295,30.15000000000009,17.529999999999973,3538.66,3568.81,1889.53,1907.06,14,2,27.955494093290287,5528.0,44.0,1.0,3614.035,1952.285,3493.4349999999995,1844.3049999999998
5528,5080,3581.33,1902.77,27.139999999999876,16.74000000000001,3567.76,3594.9,1894.4,1911.14,44,2,27.955494093290287,5527.0,14.0,1.0,3635.61,1951.85,3527.05,1853.6900000000003
5529,5081,3581.350000000001,1902.79,27.139999999999876,16.74000000000001,3567.78,3594.92,1894.42,1911.16,44,2,27.960429628316593,5530.0,14.0,1.0,3635.63,1951.87,3527.07,1853.7100000000003
5530,5081,3553.75,1898.315,30.140000000000327,17.529999999999973,3538.68,3568.82,1889.55,1907.08,14,2,27.960429628316593,5529.0,44.0,1.0,3614.0300000000007,1952.2900000000004,3493.4699999999993,1844.3399999999995
5531,5082,3553.765000000001,1898.335,30.15000000000009,17.529999999999973,3538.69,3568.84,1889.57,1907.1,14,2,27.963766734829377,5532.0,44.0,1.0,3614.0650000000005,1952.325,3493.465,1844.3449999999998
5532,5082,3581.37,1902.8,27.139999999999876,16.74000000000001,3567.8,3594.94,1894.43,1911.17,44,2,27.963766734829377,5531.0,14.0,1.0,3635.65,1951.8799999999999,3527.09,1853.7200000000003
5533,5083,3553.785,1898.355,30.15000000000009,17.529999999999973,3538.71,3568.86,1889.59,1907.12,14,2,27.96217176830245,5534.0,44.0,1.0,3614.085,1952.345,3493.4849999999997,1844.3649999999998
5534,5083,3581.390000000001,1902.81,27.139999999999876,16.74000000000001,3567.82,3594.96,1894.44,1911.18,44,2,27.96217176830245,5533.0,14.0,1.0,3635.67,1951.8899999999999,3527.11,1853.7300000000002
5535,5084,3553.8050000000007,1898.375,30.15000000000009,17.5300000000002,3538.73,3568.88,1889.61,1907.14,14,2,27.962171768300653,5536.0,44.0,1.0,3614.1050000000005,1952.3650000000002,3493.505,1844.3849999999998
5536,5084,3581.41,1902.83,27.139999999999876,16.74000000000001,3567.84,3594.98,1894.46,1911.2,44,2,27.962171768300653,5535.0,14.0,1.0,3635.69,1951.9099999999999,3527.13,1853.7500000000002
5537,5085,3553.82,1898.395,30.139999999999876,17.529999999999973,3538.75,3568.89,1889.63,1907.16,14,2,27.965516712552112,5538.0,44.0,1.0,3614.1,1952.37,3493.54,1844.4200000000003
5538,5085,3581.4300000000007,1902.84,27.139999999999876,16.74000000000001,3567.86,3595.0,1894.47,1911.21,44,2,27.965516712552112,5537.0,14.0,1.0,3635.71,1951.9199999999998,3527.15,1853.7600000000002
5539,5086,3553.835,1898.415,30.149999999999643,17.529999999999973,3538.76,3568.91,1889.65,1907.18,14,2,27.968865726017338,5540.0,44.0,1.0,3614.1349999999993,1952.4049999999995,3493.5350000000008,1844.4250000000006
5540,5086,3581.45,1902.85,27.139999999999876,16.74000000000001,3567.88,3595.02,1894.48,1911.22,44,2,27.968865726017338,5539.0,14.0,1.0,3635.73,1951.9299999999998,3527.17,1853.7700000000002
5541,5087,3553.855,1898.435,30.149999999999643,17.529999999999973,3538.78,3568.93,1889.67,1907.2,14,2,27.968865726018237,5542.0,44.0,1.0,3614.1549999999993,1952.4249999999995,3493.5550000000007,1844.4450000000006
5542,5087,3581.4700000000007,1902.87,27.139999999999876,16.74000000000001,3567.9,3595.04,1894.5,1911.24,44,2,27.968865726018237,5541.0,14.0,1.0,3635.75,1951.9499999999998,3527.19,1853.7900000000002
5543,5088,3581.49,1902.88,27.139999999999876,16.74000000000001,3567.92,3595.06,1894.51,1911.25,44,2,27.972218807237937,5544.0,14.0,1.0,3635.77,1951.9599999999998,3527.21,1853.8000000000002
5544,5088,3553.87,1898.455,30.139999999999876,17.529999999999973,3538.8,3568.94,1889.69,1907.22,14,2,27.972218807237937,5543.0,44.0,1.0,3614.15,1952.4299999999998,3493.59,1844.4800000000002
5545,5089,3553.885,1898.48,30.15000000000009,17.519999999999982,3538.81,3568.96,1889.72,1907.24,14,2,27.974787309289784,5546.0,44.0,1.0,3614.1850000000004,1952.4650000000001,3493.585,1844.495
5546,5089,3581.51,1902.89,27.139999999999876,16.74000000000001,3567.94,3595.08,1894.52,1911.26,44,2,27.974787309289784,5545.0,14.0,1.0,3635.79,1951.9699999999998,3527.23,1853.8100000000002
5547,5090,3553.905,1898.505,30.15000000000009,17.529999999999973,3538.83,3568.98,1889.74,1907.27,14,2,27.973999535282754,5548.0,44.0,1.0,3614.205,1952.4950000000001,3493.6049999999996,1844.5149999999999
5548,5090,3581.53,1902.91,27.139999999999876,16.74000000000001,3567.96,3595.1,1894.54,1911.28,44,2,27.973999535282754,5547.0,14.0,1.0,3635.81,1951.9899999999998,3527.25,1853.8300000000002
5549,5091,3553.92,1898.525,30.139999999999876,17.529999999999973,3538.85,3568.99,1889.76,1907.29,14,2,27.977364511333192,5550.0,44.0,1.0,3614.2,1952.4999999999998,3493.64,1844.5500000000002
5550,5091,3581.55,1902.92,27.139999999999876,16.74000000000001,3567.98,3595.12,1894.55,1911.29,44,2,27.977364511333192,5549.0,14.0,1.0,3635.83,1951.9999999999998,3527.27,1853.8400000000001
5551,5092,3553.9350000000004,1898.545,30.15000000000009,17.529999999999973,3538.86,3569.01,1889.78,1907.31,14,2,27.980733550069534,5552.0,44.0,1.0,3614.2350000000006,1952.535,3493.635,1844.5549999999998
5552,5092,3581.57,1902.93,27.139999999999876,16.74000000000001,3568.0,3595.14,1894.56,1911.3,44,2,27.980733550069534,5551.0,14.0,1.0,3635.85,1952.0099999999998,3527.29,1853.8500000000001
5553,5093,3553.955,1898.565,30.15000000000009,17.529999999999973,3538.88,3569.03,1889.8,1907.33,14,2,27.980733550069985,5554.0,44.0,1.0,3614.255,1952.555,3493.6549999999997,1844.5749999999998
5554,5093,3581.59,1902.95,27.139999999999876,16.74000000000001,3568.02,3595.16,1894.58,1911.32,44,2,27.980733550069985,5553.0,14.0,1.0,3635.87,1952.0299999999997,3527.31,1853.8700000000001
5555,5094,3581.61,1902.96,27.139999999999876,16.74000000000001,3568.04,3595.18,1894.59,1911.33,44,2,27.979168143459194,5556.0,14.0,1.0,3635.89,1952.0399999999997,3527.33,1853.88
5556,5094,3553.975000000001,1898.585,30.15000000000009,17.529999999999973,3538.9,3569.05,1889.82,1907.35,14,2,27.979168143459194,5555.0,44.0,1.0,3614.2750000000005,1952.575,3493.675,1844.5949999999998
5557,5095,3581.63,1902.97,27.139999999999876,16.74000000000001,3568.06,3595.2,1894.6,1911.34,44,2,27.982545005771332,5558.0,14.0,1.0,3635.91,1952.0499999999997,3527.35,1853.89
5558,5095,3553.99,1898.605,30.139999999999876,17.529999999999973,3538.92,3569.06,1889.84,1907.37,14,2,27.982545005771332,5557.0,44.0,1.0,3614.27,1952.5799999999997,3493.71,1844.63
5559,5096,3554.005,1898.625,30.15000000000009,17.5300000000002,3538.93,3569.08,1889.86,1907.39,14,2,27.987483809731792,5560.0,44.0,1.0,3614.3050000000003,1952.6150000000002,3493.705,1844.6349999999998
5560,5096,3581.65,1902.99,27.139999999999876,16.74000000000001,3568.08,3595.22,1894.62,1911.36,44,2,27.987483809731792,5559.0,14.0,1.0,3635.93,1952.0699999999997,3527.37,1853.91
5561,5097,3554.025,1898.645,30.15000000000009,17.529999999999973,3538.95,3569.1,1889.88,1907.41,14,2,27.985925927151296,5562.0,44.0,1.0,3614.325,1952.6350000000002,3493.7249999999995,1844.655
5562,5097,3581.67,1903.0,27.139999999999876,16.739999999999778,3568.1,3595.24,1894.63,1911.37,44,2,27.985925927151296,5561.0,14.0,1.0,3635.95,1952.0799999999997,3527.39,1853.9200000000003
5563,5098,3554.04,1898.665,30.140000000000327,17.529999999999973,3538.97,3569.11,1889.9,1907.43,14,2,27.989310906129955,5564.0,44.0,1.0,3614.3200000000006,1952.6400000000006,3493.7599999999993,1844.6899999999996
5564,5098,3581.69,1903.01,27.140000000000327,16.74000000000001,3568.12,3595.26,1894.64,1911.38,44,2,27.989310906129955,5563.0,14.0,1.0,3635.9700000000007,1952.0900000000006,3527.4099999999994,1853.9299999999996
5565,5099,3554.0550000000007,1898.69,30.15000000000009,17.519999999999982,3538.98,3569.13,1889.93,1907.45,14,2,27.993474686075682,5566.0,44.0,1.0,3614.3550000000005,1952.6750000000002,3493.755,1844.705
5566,5099,3581.71,1903.03,27.140000000000327,16.74000000000001,3568.14,3595.28,1894.66,1911.4,44,2,27.993474686075682,5565.0,14.0,1.0,3635.9900000000007,1952.1100000000006,3527.4299999999994,1853.9499999999996
5567,5100,3581.73,1903.04,27.140000000000327,16.74000000000001,3568.16,3595.3,1894.67,1911.41,44,2,27.991153066638958,5568.0,14.0,1.0,3636.0100000000007,1952.1200000000006,3527.4499999999994,1853.9599999999996
5568,5100,3554.075,1898.715,30.15000000000009,17.529999999999973,3539.0,3569.15,1889.95,1907.48,14,2,27.991153066638958,5567.0,44.0,1.0,3614.375,1952.7050000000002,3493.7749999999996,1844.725
5569,5101,3581.75,1903.05,27.140000000000327,16.74000000000001,3568.18,3595.32,1894.68,1911.42,44,4,27.994549916010303,5572.0,14.0,1.0,3636.0300000000007,1952.1300000000006,3527.4699999999993,1853.9699999999996
5572,5101,3554.09,1898.735,30.139999999999876,17.529999999999973,3539.02,3569.16,1889.97,1907.5,14,4,27.994549916010303,5569.0,44.0,1.0,3614.37,1952.7099999999998,3493.81,1844.7600000000002
5573,5102,3581.77,1903.07,27.140000000000327,16.74000000000001,3568.2,3595.34,1894.7,1911.44,44,4,27.999490173929892,5576.0,14.0,1.0,3636.0500000000006,1952.1500000000005,3527.4899999999993,1853.9899999999996
5576,5102,3554.105,1898.755,30.149999999999643,17.529999999999973,3539.03,3569.18,1889.99,1907.52,14,4,27.999490173929892,5573.0,44.0,1.0,3614.4049999999993,1952.7449999999994,3493.8050000000007,1844.7650000000006
5578,5103,3554.125,1898.775,30.149999999999643,17.529999999999973,3539.05,3569.2,1890.01,1907.54,14,4,27.997950817872308,5579.0,44.0,1.0,3614.4249999999993,1952.7649999999994,3493.8250000000007,1844.7850000000005
5579,5103,3581.79,1903.08,27.140000000000327,16.74000000000001,3568.22,3595.36,1894.71,1911.45,44,4,27.997950817872308,5578.0,14.0,1.0,3636.0700000000006,1952.1600000000005,3527.5099999999993,1853.9999999999995
5582,5104,3554.145,1898.795,30.149999999999643,17.529999999999973,3539.07,3569.22,1890.03,1907.56,14,4,27.99641494906083,5583.0,44.0,1.0,3614.4449999999993,1952.7849999999994,3493.8450000000007,1844.8050000000005
5583,5104,3581.81,1903.09,27.140000000000327,16.74000000000001,3568.24,3595.38,1894.72,1911.46,44,4,27.99641494906083,5582.0,14.0,1.0,3636.0900000000006,1952.1700000000005,3527.5299999999993,1854.0099999999995
5586,5105,3554.16,1898.815,30.139999999999876,17.529999999999973,3539.09,3569.23,1890.05,1907.58,14,4,28.001355770748006,5587.0,44.0,1.0,3614.44,1952.7899999999997,3493.88,1844.8400000000001
5587,5105,3581.83,1903.11,27.139999999999876,16.74000000000001,3568.26,3595.4,1894.74,1911.48,44,4,28.001355770748006,5586.0,14.0,1.0,3636.11,1952.1899999999998,3527.55,1854.0300000000002
5590,5106,3581.850000000001,1903.12,27.139999999999876,16.74000000000001,3568.28,3595.42,1894.75,1911.49,44,4,28.00476477316019,5592.0,14.0,1.0,3636.13,1952.1999999999998,3527.57,1854.0400000000002
5592,5106,3554.175,1898.835,30.15000000000009,17.529999999999973,3539.1,3569.25,1890.07,1907.6,14,4,28.00476477316019,5590.0,44.0,1.0,3614.4750000000004,1952.825,3493.875,1844.8449999999998
5594,5107,3554.195,1898.855,30.15000000000009,17.529999999999973,3539.12,3569.27,1890.09,1907.62,14,4,28.003236420099476,5595.0,44.0,1.0,3614.495,1952.845,3493.8949999999995,1844.8649999999998
5595,5107,3581.87,1903.13,27.139999999999876,16.74000000000001,3568.3,3595.44,1894.76,1911.5,44,4,28.003236420099476,5594.0,14.0,1.0,3636.15,1952.2099999999998,3527.59,1854.0500000000002
5598,5108,3554.21,1898.875,30.140000000000327,17.5300000000002,3539.14,3569.28,1890.11,1907.64,14,4,28.008177823629335,5599.0,44.0,1.0,3614.4900000000007,1952.8500000000006,3493.9299999999994,1844.8999999999994
5599,5108,3581.890000000001,1903.15,27.139999999999876,16.74000000000001,3568.32,3595.46,1894.78,1911.52,44,4,28.008177823629335,5598.0,14.0,1.0,3636.17,1952.2299999999998,3527.61,1854.0700000000002
5602,5109,3554.225000000001,1898.9,30.15000000000009,17.519999999999982,3539.15,3569.3,1890.14,1907.66,14,4,28.010834064696226,5603.0,44.0,1.0,3614.5250000000005,1952.8850000000002,3493.925,1844.915
5603,5109,3581.91,1903.16,27.139999999999876,16.74000000000001,3568.34,3595.48,1894.79,1911.53,44,4,28.010834064696226,5602.0,14.0,1.0,3636.19,1952.2399999999998,3527.63,1854.0800000000002
5606,5110,3581.9300000000007,1903.17,27.139999999999876,16.74000000000001,3568.36,3595.5,1894.8,1911.54,44,4,28.008556728258036,5607.0,14.0,1.0,3636.21,1952.2499999999998,3527.65,1854.0900000000001
5607,5110,3554.245,1898.925,30.15000000000009,17.529999999999973,3539.17,3569.32,1890.16,1907.69,14,4,28.008556728258036,5606.0,44.0,1.0,3614.545,1952.9150000000002,3493.9449999999997,1844.935
5610,5111,3554.26,1898.945,30.139999999999876,17.529999999999973,3539.19,3569.33,1890.18,1907.71,14,4,28.013498978170844,5611.0,44.0,1.0,3614.54,1952.9199999999998,3493.98,1844.9700000000003
5611,5111,3581.95,1903.19,27.139999999999876,16.74000000000001,3568.38,3595.52,1894.82,1911.56,44,4,28.013498978170844,5610.0,14.0,1.0,3636.23,1952.2699999999998,3527.67,1854.1100000000001
5614,5112,3554.28,1898.965,30.139999999999876,17.529999999999973,3539.21,3569.35,1890.2,1907.73,14,4,28.01198538126188,5615.0,44.0,1.0,3614.56,1952.9399999999998,3494.0,1844.9900000000002
5615,5112,3581.9700000000007,1903.2,27.139999999999876,16.74000000000001,3568.4,3595.54,1894.83,1911.57,44,4,28.01198538126188,5614.0,14.0,1.0,3636.25,1952.2799999999997,3527.69,1854.1200000000001
5619,5113,3554.295,1898.985,30.15000000000009,17.529999999999973,3539.22,3569.37,1890.22,1907.75,14,4,28.015418076480405,5620.0,44.0,1.0,3614.5950000000003,1952.9750000000001,3493.995,1844.995
5620,5113,3581.99,1903.21,27.139999999999876,16.74000000000001,3568.42,3595.56,1894.84,1911.58,44,4,28.015418076480405,5619.0,14.0,1.0,3636.27,1952.2899999999997,3527.71,1854.13
5622,5114,3582.01,1903.23,27.139999999999876,16.74000000000001,3568.44,3595.58,1894.86,1911.6,44,4,28.01541807648082,5623.0,14.0,1.0,3636.29,1952.3099999999997,3527.73,1854.15
5623,5114,3554.315,1899.005,30.15000000000009,17.529999999999973,3539.24,3569.39,1890.24,1907.77,14,4,28.01541807648082,5622.0,44.0,1.0,3614.615,1952.9950000000001,3494.0149999999994,1845.0149999999999
5626,5115,3554.33,1899.025,30.139999999999876,17.529999999999973,3539.26,3569.4,1890.26,1907.79,14,4,28.01885481242969,5627.0,44.0,1.0,3614.61,1952.9999999999998,3494.05,1845.0500000000002
5627,5115,3582.03,1903.24,27.139999999999876,16.74000000000001,3568.46,3595.6,1894.87,1911.61,44,4,28.01885481242969,5626.0,14.0,1.0,3636.31,1952.3199999999997,3527.75,1854.16
5631,5116,3554.3450000000007,1899.045,30.15000000000009,17.529999999999973,3539.27,3569.42,1890.28,1907.81,14,4,28.022295587620405,5632.0,44.0,1.0,3614.6450000000004,1953.035,3494.045,1845.0549999999998
5632,5116,3582.05,1903.25,27.139999999999876,16.739999999999778,3568.48,3595.62,1894.88,1911.62,44,4,28.022295587620405,5631.0,14.0,1.0,3636.33,1952.3299999999997,3527.77,1854.1700000000003
5633,5117,3582.07,1903.27,27.139999999999876,16.74000000000001,3568.5,3595.64,1894.9,1911.64,44,4,28.022295587621308,5636.0,14.0,1.0,3636.35,1952.35,3527.79,1854.1900000000003
5636,5117,3554.365,1899.065,30.15000000000009,17.529999999999973,3539.29,3569.44,1890.3,1907.83,14,4,28.022295587621308,5633.0,44.0,1.0,3614.665,1953.055,3494.0649999999996,1845.0749999999998
5637,5118,3582.09,1903.28,27.139999999999876,16.74000000000001,3568.52,3595.66,1894.91,1911.65,44,4,28.025740400567503,5640.0,14.0,1.0,3636.37,1952.36,3527.81,1854.2000000000003
5640,5118,3554.38,1899.085,30.139999999999876,17.529999999999973,3539.31,3569.45,1890.32,1907.85,14,4,28.025740400567503,5637.0,44.0,1.0,3614.66,1953.0599999999997,3494.1,1845.1100000000001
5642,5119,3554.395,1899.11,30.149999999999643,17.519999999999982,3539.32,3569.47,1890.35,1907.87,14,4,28.02844314263653,5643.0,44.0,1.0,3614.6949999999993,1953.0949999999993,3494.0950000000007,1845.1250000000005
5643,5119,3582.11,1903.29,27.139999999999876,16.74000000000001,3568.54,3595.68,1894.92,1911.66,44,4,28.02844314263653,5642.0,14.0,1.0,3636.39,1952.37,3527.83,1854.2100000000003
5646,5120,3554.415,1899.135,30.149999999999643,17.5300000000002,3539.34,3569.49,1890.37,1907.9,14,4,28.02769790760575,5647.0,44.0,1.0,3614.7149999999992,1953.1249999999995,3494.1150000000007,1845.1450000000004
5647,5120,3582.13,1903.31,27.139999999999876,16.74000000000001,3568.56,3595.7,1894.94,1911.68,44,4,28.02769790760575,5646.0,14.0,1.0,3636.41,1952.3899999999999,3527.85,1854.2300000000002
5650,5121,3554.4350000000004,1899.155,30.15000000000009,17.529999999999973,3539.36,3569.51,1890.39,1907.92,14,4,28.02621005416149,5651.0,44.0,1.0,3614.7350000000006,1953.1450000000002,3494.135,1845.165
5651,5121,3582.15,1903.32,27.139999999999876,16.74000000000001,3568.58,3595.72,1894.95,1911.69,44,4,28.02621005416149,5650.0,14.0,1.0,3636.43,1952.3999999999999,3527.87,1854.2400000000002
5654,5122,3582.17,1903.33,27.139999999999876,16.74000000000001,3568.6,3595.74,1894.96,1911.7,44,4,28.02967044044603,5655.0,14.0,1.0,3636.45,1952.4099999999999,3527.89,1854.2500000000002
5655,5122,3554.45,1899.175,30.139999999999876,17.529999999999973,3539.38,3569.52,1890.41,1907.94,14,4,28.02967044044603,5654.0,44.0,1.0,3614.73,1953.1499999999999,3494.17,1845.2000000000003
5658,5123,3554.465,1899.195,30.15000000000009,17.529999999999973,3539.39,3569.54,1890.43,1907.96,14,4,28.034615210485672,5659.0,44.0,1.0,3614.7650000000003,1953.1850000000002,3494.165,1845.205
5659,5123,3582.19,1903.35,27.140000000000327,16.74000000000001,3568.62,3595.76,1894.98,1911.72,44,4,28.034615210485672,5658.0,14.0,1.0,3636.4700000000007,1952.4300000000005,3527.9099999999994,1854.2699999999995
5662,5124,3554.485,1899.215,30.15000000000009,17.529999999999973,3539.41,3569.56,1890.45,1907.98,14,4,28.0331348585918,5663.0,44.0,1.0,3614.785,1953.2050000000002,3494.1849999999995,1845.225
5663,5124,3582.21,1903.36,27.140000000000327,16.74000000000001,3568.64,3595.78,1894.99,1911.73,44,4,28.0331348585918,5662.0,14.0,1.0,3636.4900000000007,1952.4400000000005,3527.9299999999994,1854.2799999999995
5666,5125,3554.5,1899.235,30.140000000000327,17.529999999999973,3539.43,3569.57,1890.47,1908.0,14,4,28.036603307105533,5667.0,44.0,1.0,3614.7800000000007,1953.2100000000005,3494.2199999999993,1845.2599999999995
5667,5125,3582.23,1903.37,27.140000000000327,16.74000000000001,3568.66,3595.8,1895.0,1911.74,44,4,28.036603307105533,5666.0,14.0,1.0,3636.5100000000007,1952.4500000000005,3527.9499999999994,1854.2899999999995
5669,5126,3582.2,1903.38,27.139999999999876,16.74000000000001,3568.63,3595.77,1895.01,1911.75,44,2,27.990620750529036,5670.0,14.0,1.0,3636.48,1952.4599999999998,3527.92,1854.3000000000002
5670,5126,3554.515000000001,1899.255,30.15000000000009,17.529999999999973,3539.44,3569.59,1890.49,1908.02,14,2,27.990620750529036,5669.0,44.0,1.0,3614.8150000000005,1953.2450000000001,3494.215,1845.2649999999999
5671,5127,3554.535,1899.275,30.15000000000009,17.529999999999973,3539.46,3569.61,1890.51,1908.04,14,2,27.94958407561818,5672.0,44.0,1.0,3614.835,1953.265,3494.2349999999997,1845.2849999999999
5672,5127,3582.1800000000007,1903.39,27.139999999999876,16.74000000000001,3568.61,3595.75,1895.02,1911.76,44,2,27.94958407561818,5671.0,14.0,1.0,3636.46,1952.4699999999998,3527.9,1854.3100000000002
5673,5128,3554.55,1899.295,30.139999999999876,17.529999999999973,3539.48,3569.62,1890.53,1908.06,14,2,27.903602366002765,5674.0,44.0,1.0,3614.83,1953.2699999999998,3494.27,1845.3200000000002
5674,5128,3582.15,1903.4,27.139999999999876,16.74000000000001,3568.58,3595.72,1895.03,1911.77,44,2,27.903602366002765,5673.0,14.0,1.0,3636.43,1952.4799999999998,3527.87,1854.3200000000002
5675,5129,3554.565,1899.32,30.15000000000009,17.519999999999982,3539.49,3569.64,1890.56,1908.08,14,2,27.85615282123487,5676.0,44.0,1.0,3614.865,1953.305,3494.2649999999994,1845.3349999999998
5676,5129,3582.12,1903.405,27.139999999999876,16.75,3568.55,3595.69,1895.03,1911.78,44,2,27.85615282123487,5675.0,14.0,1.0,3636.4,1952.4899999999998,3527.84,1854.3200000000002
5677,5130,3554.585,1899.345,30.149999999999643,17.529999999999973,3539.51,3569.66,1890.58,1908.11,14,2,27.80376323449771,5678.0,44.0,1.0,3614.8849999999993,1953.3349999999994,3494.2850000000008,1845.3550000000005
5678,5130,3582.09,1903.41,27.139999999999876,16.74000000000001,3568.52,3595.66,1895.04,1911.78,44,2,27.80376323449771,5677.0,14.0,1.0,3636.37,1952.4899999999998,3527.81,1854.3300000000002
5679,5131,3554.605,1899.365,30.149999999999643,17.5300000000002,3539.53,3569.68,1890.6,1908.13,14,2,27.75283859355645,5680.0,44.0,1.0,3614.9049999999993,1953.3549999999996,3494.3050000000007,1845.3750000000005
5680,5131,3582.06,1903.42,27.140000000000327,16.74000000000001,3568.49,3595.63,1895.05,1911.79,44,2,27.75283859355645,5679.0,14.0,1.0,3636.3400000000006,1952.5000000000005,3527.7799999999993,1854.3399999999995
5681,5132,3554.62,1899.385,30.139999999999876,17.5300000000002,3539.55,3569.69,1890.62,1908.15,14,2,27.716753507581018,5682.0,44.0,1.0,3614.9,1953.36,3494.34,1845.41
5682,5132,3582.04,1903.43,27.140000000000327,16.74000000000001,3568.47,3595.61,1895.06,1911.8,44,2,27.716753507581018,5681.0,14.0,1.0,3636.3200000000006,1952.5100000000004,3527.7599999999993,1854.3499999999995
5683,5133,3554.635,1899.405,30.15000000000009,17.529999999999973,3539.56,3569.71,1890.64,1908.17,14,2,27.670776100427698,5684.0,44.0,1.0,3614.9350000000004,1953.3950000000002,3494.335,1845.415
5684,5133,3582.01,1903.44,27.139999999999876,16.74000000000001,3568.44,3595.58,1895.07,1911.81,44,2,27.670776100427698,5683.0,14.0,1.0,3636.29,1952.5199999999998,3527.73,1854.3600000000001
5685,5134,3581.98,1903.445,27.140000000000327,16.75,3568.41,3595.55,1895.07,1911.82,44,2,27.619124262003492,5686.0,14.0,1.0,3636.2600000000007,1952.5300000000004,3527.6999999999994,1854.3599999999994
5686,5134,3554.655,1899.425,30.15000000000009,17.529999999999973,3539.58,3569.73,1890.66,1908.19,14,2,27.619124262003492,5685.0,44.0,1.0,3614.955,1953.4150000000002,3494.3549999999996,1845.435
5687,5135,3554.67,1899.445,30.139999999999876,17.529999999999973,3539.6,3569.74,1890.68,1908.21,14,2,27.572421456955627,5688.0,44.0,1.0,3614.95,1953.4199999999998,3494.39,1845.4700000000003
5688,5135,3581.95,1903.45,27.139999999999876,16.74000000000001,3568.38,3595.52,1895.08,1911.82,44,2,27.572421456955627,5687.0,14.0,1.0,3636.23,1952.5299999999997,3527.67,1854.3700000000001
5689,5136,3554.6850000000004,1899.465,30.15000000000009,17.529999999999973,3539.61,3569.76,1890.7,1908.23,14,2,27.526446374350307,5690.0,44.0,1.0,3614.9850000000006,1953.4550000000002,3494.385,1845.475
5690,5136,3581.92,1903.46,27.139999999999876,16.74000000000001,3568.35,3595.49,1895.09,1911.83,44,2,27.526446374350307,5689.0,14.0,1.0,3636.2,1952.5399999999997,3527.64,1854.38
5691,5137,3554.705,1899.485,30.15000000000009,17.529999999999973,3539.63,3569.78,1890.72,1908.25,14,2,27.485418861643893,5692.0,44.0,1.0,3615.005,1953.4750000000001,3494.4049999999997,1845.495
5692,5137,3581.9,1903.47,27.139999999999876,16.74000000000001,3568.33,3595.47,1895.1,1911.84,44,2,27.485418861643893,5691.0,14.0,1.0,3636.18,1952.5499999999997,3527.62,1854.39
5693,5138,3554.7200000000007,1899.505,30.139999999999876,17.529999999999973,3539.65,3569.79,1890.74,1908.27,14,2,27.43944469190211,5694.0,44.0,1.0,3615.0,1953.4799999999998,3494.44,1845.5300000000002
5694,5138,3581.87,1903.48,27.139999999999876,16.74000000000001,3568.3,3595.44,1895.11,1911.85,44,2,27.43944469190211,5693.0,14.0,1.0,3636.15,1952.5599999999997,3527.59,1854.4
5695,5139,3554.735,1899.53,30.15000000000009,17.519999999999982,3539.66,3569.81,1890.77,1908.29,14,2,27.3920252993458,5696.0,44.0,1.0,3615.035,1953.515,3494.4349999999995,1845.5449999999998
5696,5139,3581.84,1903.485,27.139999999999876,16.75,3568.27,3595.41,1895.11,1911.86,44,2,27.3920252993458,5695.0,14.0,1.0,3636.12,1952.5699999999997,3527.56,1854.4
5697,5140,3554.755,1899.555,30.15000000000009,17.529999999999973,3539.68,3569.83,1890.79,1908.32,14,2,27.339664409059427,5698.0,44.0,1.0,3615.0550000000003,1953.545,3494.455,1845.5649999999998
5698,5140,3581.81,1903.49,27.140000000000327,16.74000000000001,3568.24,3595.38,1895.12,1911.86,44,2,27.339664409059427,5697.0,14.0,1.0,3636.0900000000006,1952.5700000000004,3527.5299999999993,1854.4099999999994
5699,5141,3554.775,1899.575,30.15000000000009,17.529999999999973,3539.7,3569.85,1890.81,1908.34,14,2,27.288745848792786,5700.0,44.0,1.0,3615.075,1953.565,3494.4749999999995,1845.5849999999998
5700,5141,3581.78,1903.5,27.139999999999876,16.739999999999778,3568.21,3595.35,1895.13,1911.87,44,2,27.288745848792786,5699.0,14.0,1.0,3636.06,1952.5799999999997,3527.5,1854.4200000000003
5701,5142,3581.76,1903.51,27.139999999999876,16.74000000000001,3568.19,3595.33,1895.14,1911.88,44,2,27.252671887358375,5702.0,14.0,1.0,3636.04,1952.59,3527.48,1854.4300000000003
5702,5142,3554.79,1899.595,30.140000000000327,17.529999999999973,3539.72,3569.86,1890.83,1908.36,14,2,27.252671887358375,5701.0,44.0,1.0,3615.0700000000006,1953.5700000000004,3494.5099999999993,1845.6199999999994
5703,5143,3554.8050000000007,1899.615,30.15000000000009,17.5300000000002,3539.73,3569.88,1890.85,1908.38,14,2,27.206702299248995,5704.0,44.0,1.0,3615.1050000000005,1953.6050000000002,3494.505,1845.6249999999998
5704,5143,3581.73,1903.52,27.140000000000327,16.74000000000001,3568.16,3595.3,1895.15,1911.89,44,2,27.206702299248995,5703.0,14.0,1.0,3636.0100000000007,1952.6000000000006,3527.4499999999994,1854.4399999999996
5705,5144,3554.825,1899.635,30.15000000000009,17.5300000000002,3539.75,3569.9,1890.87,1908.4,14,2,27.155068127331237,5706.0,44.0,1.0,3615.125,1953.6250000000002,3494.5249999999996,1845.6449999999998
5706,5144,3581.7,1903.525,27.139999999999876,16.75,3568.13,3595.27,1895.15,1911.9,44,2,27.155068127331237,5705.0,14.0,1.0,3635.98,1952.61,3527.42,1854.4400000000003
5707,5145,3554.84,1899.655,30.139999999999876,17.529999999999973,3539.77,3569.91,1890.89,1908.42,14,2,27.108384772981147,5708.0,44.0,1.0,3615.12,1953.6299999999999,3494.56,1845.6800000000003
5708,5145,3581.67,1903.53,27.139999999999876,16.74000000000001,3568.1,3595.24,1895.16,1911.9,44,2,27.108384772981147,5707.0,14.0,1.0,3635.95,1952.61,3527.39,1854.4500000000003
5709,5146,3554.855,1899.675,30.149999999999643,17.529999999999973,3539.78,3569.93,1890.91,1908.44,14,2,27.067366421578555,5710.0,44.0,1.0,3615.1549999999993,1953.6649999999995,3494.5550000000007,1845.6850000000006
5710,5146,3581.645,1903.54,27.149999999999643,16.74000000000001,3568.07,3595.22,1895.17,1911.91,44,2,27.067366421578555,5709.0,14.0,1.0,3635.9449999999993,1952.6349999999995,3527.3450000000007,1854.4450000000006
5711,5147,3554.875,1899.695,30.149999999999643,17.529999999999973,3539.8,3569.95,1890.93,1908.46,14,2,27.02139985270923,5712.0,44.0,1.0,3615.1749999999993,1953.6849999999995,3494.5750000000007,1845.7050000000006
5712,5147,3581.62,1903.55,27.139999999999876,16.74000000000001,3568.05,3595.19,1895.18,1911.92,44,2,27.02139985270923,5711.0,14.0,1.0,3635.9,1952.6299999999999,3527.34,1854.4700000000003
5713,5148,3554.890000000001,1899.715,30.139999999999876,17.529999999999973,3539.82,3569.96,1890.95,1908.48,14,2,26.975433731452146,5714.0,44.0,1.0,3615.17,1953.6899999999998,3494.61,1845.7400000000002
5714,5148,3581.59,1903.56,27.139999999999876,16.74000000000001,3568.02,3595.16,1895.19,1911.93,44,2,26.975433731452146,5713.0,14.0,1.0,3635.87,1952.6399999999999,3527.31,1854.4800000000002
5715,5149,3554.905,1899.74,30.15000000000009,17.519999999999982,3539.83,3569.98,1890.98,1908.5,14,2,26.928045788730877,5716.0,44.0,1.0,3615.205,1953.7250000000001,3494.6049999999996,1845.7549999999999
5716,5149,3581.56,1903.565,27.140000000000327,16.75,3567.99,3595.13,1895.19,1911.94,44,2,26.928045788730877,5715.0,14.0,1.0,3635.8400000000006,1952.6500000000005,3527.2799999999993,1854.4799999999996
5717,5150,3581.53,1903.57,27.139999999999876,16.74000000000001,3567.96,3595.1,1895.2,1911.94,44,2,26.87571487421311,5718.0,14.0,1.0,3635.81,1952.6499999999999,3527.25,1854.4900000000002
5718,5150,3554.925,1899.765,30.15000000000009,17.529999999999973,3539.85,3570.0,1891.0,1908.53,14,2,26.87571487421311,5717.0,44.0,1.0,3615.2250000000004,1953.755,3494.625,1845.7749999999999
5719,5151,3554.905,1899.735,30.15000000000009,17.529999999999973,3539.83,3569.98,1890.97,1908.5,14,2,26.876458565071317,5720.0,44.0,1.0,3615.205,1953.7250000000001,3494.6049999999996,1845.745
5720,5151,3581.505,1903.58,27.15000000000009,16.74000000000001,3567.93,3595.08,1895.21,1911.95,44,2,26.876458565071317,5719.0,14.0,1.0,3635.8050000000003,1952.6750000000002,3527.205,1854.485
5721,5152,3554.885,1899.705,30.15000000000009,17.529999999999973,3539.81,3569.96,1890.94,1908.47,14,2,26.877262695445555,5722.0,44.0,1.0,3615.1850000000004,1953.6950000000002,3494.585,1845.715
5722,5152,3581.48,1903.59,27.140000000000327,16.74000000000001,3567.91,3595.05,1895.22,1911.96,44,2,26.877262695445555,5721.0,14.0,1.0,3635.7600000000007,1952.6700000000005,3527.1999999999994,1854.5099999999995
5723,5153,3554.86,1899.675,30.139999999999876,17.529999999999973,3539.79,3569.93,1890.91,1908.44,14,2,26.87812725991123,5724.0,44.0,1.0,3615.14,1953.6499999999999,3494.58,1845.7000000000003
5724,5153,3581.45,1903.6,27.139999999999876,16.74000000000001,3567.88,3595.02,1895.23,1911.97,44,2,26.87812725991123,5723.0,14.0,1.0,3635.73,1952.6799999999998,3527.17,1854.5200000000002
5725,5154,3554.84,1899.645,30.139999999999876,17.529999999999973,3539.77,3569.91,1890.88,1908.41,14,2,26.87336971799399,5726.0,44.0,1.0,3615.12,1953.62,3494.56,1845.6700000000003
5726,5154,3581.42,1903.605,27.139999999999876,16.75,3567.85,3594.99,1895.23,1911.98,44,2,26.87336971799399,5725.0,14.0,1.0,3635.7,1952.6899999999998,3527.14,1854.5200000000002
5727,5155,3554.815,1899.62,30.15000000000009,17.52000000000021,3539.74,3569.89,1890.86,1908.38,14,2,26.87286224055857,5728.0,44.0,1.0,3615.115,1953.6050000000002,3494.5149999999994,1845.6349999999998
5728,5155,3581.390000000001,1903.61,27.139999999999876,16.74000000000001,3567.82,3594.96,1895.24,1911.98,44,2,26.87286224055857,5727.0,14.0,1.0,3635.67,1952.6899999999998,3527.11,1854.5300000000002
5729,5156,3554.795,1899.59,30.15000000000009,17.519999999999982,3539.72,3569.87,1890.83,1908.35,14,2,26.87883042470394,5730.0,44.0,1.0,3615.0950000000003,1953.575,3494.495,1845.6049999999998
5730,5156,3581.37,1903.62,27.139999999999876,16.74000000000001,3567.8,3594.94,1895.25,1911.99,44,2,26.87883042470394,5729.0,14.0,1.0,3635.65,1952.6999999999998,3527.09,1854.5400000000002
5731,5157,3554.775,1899.56,30.15000000000009,17.519999999999982,3539.7,3569.85,1890.8,1908.32,14,2,26.874972093008846,5732.0,44.0,1.0,3615.075,1953.545,3494.4749999999995,1845.5749999999998
5732,5157,3581.34,1903.63,27.139999999999876,16.74000000000001,3567.77,3594.91,1895.26,1912.0,44,2,26.874972093008846,5731.0,14.0,1.0,3635.62,1952.7099999999998,3527.06,1854.5500000000002
5733,5158,3581.31,1903.635,27.140000000000327,16.75,3567.74,3594.88,1895.26,1912.01,44,2,26.870412166544664,5734.0,14.0,1.0,3635.5900000000006,1952.7200000000005,3527.0299999999993,1854.5499999999995
5734,5158,3554.755,1899.53,30.15000000000009,17.519999999999982,3539.68,3569.83,1890.77,1908.29,14,2,26.870412166544664,5733.0,44.0,1.0,3615.0550000000003,1953.515,3494.455,1845.5449999999998
5735,5159,3554.735,1899.5,30.15000000000009,17.519999999999982,3539.66,3569.81,1890.74,1908.26,14,2,26.866671732836647,5736.0,44.0,1.0,3615.035,1953.4850000000001,3494.4349999999995,1845.5149999999999
5736,5159,3581.28,1903.645,27.139999999999876,16.75,3567.71,3594.85,1895.27,1912.02,44,2,26.866671732836647,5735.0,14.0,1.0,3635.56,1952.7299999999998,3527.0,1854.5600000000002
5737,5160,3554.71,1899.475,30.140000000000327,17.50999999999999,3539.64,3569.78,1890.72,1908.23,14,2,26.866377221352337,5738.0,44.0,1.0,3614.9900000000007,1953.4400000000005,3494.4299999999994,1845.5099999999995
5738,5160,3581.25,1903.65,27.140000000000327,16.74000000000001,3567.68,3594.82,1895.28,1912.02,44,2,26.866377221352337,5737.0,14.0,1.0,3635.5300000000007,1952.7300000000005,3526.9699999999993,1854.5699999999995
5739,5161,3554.69,1899.445,30.140000000000327,17.50999999999999,3539.62,3569.76,1890.69,1908.2,14,2,26.87262222039374,5740.0,44.0,1.0,3614.9700000000007,1953.4100000000005,3494.4099999999994,1845.4799999999996
5740,5161,3581.23,1903.66,27.140000000000327,16.74000000000001,3567.66,3594.8,1895.29,1912.03,44,2,26.87262222039374,5739.0,14.0,1.0,3635.5100000000007,1952.7400000000005,3526.9499999999994,1854.5799999999995
5741,5162,3554.665,1899.415,30.149999999999643,17.50999999999999,3539.59,3569.74,1890.66,1908.17,14,2,26.873988353052347,5742.0,44.0,1.0,3614.9649999999992,1953.3949999999995,3494.3650000000007,1845.4350000000006
5742,5162,3581.2,1903.67,27.139999999999876,16.74000000000001,3567.63,3594.77,1895.3,1912.04,44,2,26.873988353052347,5741.0,14.0,1.0,3635.48,1952.7499999999998,3526.92,1854.5900000000001
5743,5163,3554.645,1899.385,30.149999999999643,17.50999999999999,3539.57,3569.72,1890.63,1908.14,14,2,26.869680403756284,5744.0,44.0,1.0,3614.9449999999993,1953.3649999999996,3494.3450000000007,1845.4050000000007
5744,5163,3581.17,1903.675,27.139999999999876,16.75,3567.6,3594.74,1895.3,1912.05,44,2,26.869680403756284,5743.0,14.0,1.0,3635.45,1952.7599999999998,3526.89,1854.5900000000001
5745,5164,3554.625,1899.355,30.149999999999643,17.50999999999999,3539.55,3569.7,1890.6,1908.11,14,2,26.866226474889263,5746.0,44.0,1.0,3614.9249999999993,1953.3349999999994,3494.3250000000007,1845.3750000000005
5746,5164,3581.140000000001,1903.685,27.139999999999876,16.75,3567.57,3594.71,1895.31,1912.06,44,2,26.866226474889263,5745.0,14.0,1.0,3635.42,1952.7699999999998,3526.86,1854.6000000000001
5747,5165,3581.11,1903.69,27.139999999999876,16.74000000000001,3567.54,3594.68,1895.32,1912.06,44,2,26.86121041576509,5748.0,14.0,1.0,3635.39,1952.7699999999998,3526.83,1854.6100000000001
5748,5165,3554.605,1899.33,30.149999999999643,17.5,3539.53,3569.68,1890.58,1908.08,14,2,26.86121041576509,5747.0,44.0,1.0,3614.9049999999993,1953.3049999999994,3494.3050000000007,1845.3550000000005
5749,5166,3554.585,1899.3,30.149999999999643,17.5,3539.51,3569.66,1890.55,1908.05,14,2,26.867732040498073,5750.0,44.0,1.0,3614.8849999999993,1953.2749999999994,3494.2850000000008,1845.3250000000005
5750,5166,3581.09,1903.7,27.139999999999876,16.74000000000001,3567.52,3594.66,1895.33,1912.07,44,2,26.867732040498073,5749.0,14.0,1.0,3635.37,1952.7799999999997,3526.81,1854.6200000000001
5751,5167,3554.56,1899.27,30.140000000000327,17.5,3539.49,3569.63,1890.52,1908.02,14,2,26.86938034268748,5752.0,44.0,1.0,3614.8400000000006,1953.2300000000005,3494.2799999999993,1845.3099999999995
5752,5167,3581.06,1903.71,27.140000000000327,16.74000000000001,3567.49,3594.63,1895.34,1912.08,44,2,26.86938034268748,5751.0,14.0,1.0,3635.3400000000006,1952.7900000000004,3526.7799999999993,1854.6299999999994
5753,5168,3554.54,1899.245,30.140000000000327,17.50999999999999,3539.47,3569.61,1890.49,1908.0,14,2,26.864493295054213,5754.0,44.0,1.0,3614.8200000000006,1953.2100000000005,3494.2599999999993,1845.2799999999995
5754,5168,3581.03,1903.715,27.139999999999876,16.75,3567.46,3594.6,1895.34,1912.09,44,2,26.864493295054213,5753.0,14.0,1.0,3635.31,1952.7999999999997,3526.75,1854.63
5755,5169,3554.515000000001,1899.215,30.15000000000009,17.50999999999999,3539.44,3569.59,1890.46,1907.97,14,2,26.866248807750562,5756.0,44.0,1.0,3614.8150000000005,1953.1950000000002,3494.215,1845.235
5756,5169,3581.0,1903.725,27.140000000000327,16.75,3567.43,3594.57,1895.35,1912.1,44,2,26.866248807750562,5755.0,14.0,1.0,3635.2800000000007,1952.8100000000004,3526.7199999999993,1854.6399999999994
5757,5170,3554.495,1899.19,30.15000000000009,17.5,3539.42,3569.57,1890.44,1907.94,14,2,26.861444953688604,5758.0,44.0,1.0,3614.795,1953.1650000000002,3494.1949999999997,1845.215
5758,5170,3580.9700000000007,1903.73,27.139999999999876,16.74000000000001,3567.4,3594.54,1895.36,1912.1,44,2,26.861444953688604,5757.0,14.0,1.0,3635.25,1952.8099999999997,3526.69,1854.65
5759,5171,3554.475000000001,1899.16,30.15000000000009,17.5,3539.4,3569.55,1890.41,1907.91,14,2,26.86823449726361,5760.0,44.0,1.0,3614.7750000000005,1953.1350000000002,3494.175,1845.185
5760,5171,3580.95,1903.74,27.139999999999876,16.74000000000001,3567.38,3594.52,1895.37,1912.11,44,2,26.86823449726361,5759.0,14.0,1.0,3635.23,1952.8199999999997,3526.67,1854.66
5761,5172,3554.455,1899.13,30.15000000000009,17.5,3539.38,3569.53,1890.38,1907.88,14,2,26.865230782556228,5762.0,44.0,1.0,3614.755,1953.1050000000002,3494.1549999999997,1845.155
5762,5172,3580.92,1903.75,27.139999999999876,16.739999999999778,3567.35,3594.49,1895.38,1912.12,44,2,26.865230782556228,5761.0,14.0,1.0,3635.2,1952.8299999999997,3526.64,1854.6700000000003
5763,5173,3580.890000000001,1903.755,27.139999999999876,16.75,3567.32,3594.46,1895.38,1912.13,44,2,26.861423082182785,5764.0,14.0,1.0,3635.17,1952.84,3526.61,1854.6700000000003
5764,5173,3554.4350000000004,1899.1,30.15000000000009,17.5,3539.36,3569.51,1890.35,1907.85,14,2,26.861423082182785,5763.0,44.0,1.0,3614.7350000000006,1953.075,3494.135,1845.1249999999998
5765,5174,3580.86,1903.765,27.139999999999876,16.75,3567.29,3594.43,1895.39,1912.14,44,2,26.86258736607505,5766.0,14.0,1.0,3635.14,1952.85,3526.58,1854.6800000000003
5766,5174,3554.41,1899.075,30.139999999999876,17.49000000000001,3539.34,3569.48,1890.33,1907.82,14,2,26.86258736607505,5765.0,44.0,1.0,3614.69,1953.0299999999997,3494.13,1845.1200000000001
5767,5175,3554.390000000001,1899.045,30.139999999999876,17.49000000000001,3539.32,3569.46,1890.3,1907.79,14,2,26.85887609338771,5768.0,44.0,1.0,3614.67,1952.9999999999998,3494.11,1845.0900000000001
5768,5175,3580.83,1903.77,27.139999999999876,16.74000000000001,3567.26,3594.4,1895.4,1912.14,44,2,26.85887609338771,5767.0,14.0,1.0,3635.11,1952.85,3526.55,1854.6900000000003
7189,7351,2870.52,1363.74,18.11999999999989,16.699999999999818,2861.46,2879.58,1355.39,1372.09,44,2,8.369218900231798,7190.0,23.0,1.0,2906.7599999999998,1399.2699999999998,2834.28,1328.2100000000003
7190,7351,2867.935,1355.7800000000002,4.210000000000036,7.700000000000045,2865.83,2870.04,1351.93,1359.63,23,2,8.369218900231798,7189.0,44.0,1.0,2881.59,1371.18,2854.2799999999997,1340.38
7191,7352,2867.935,1355.7800000000002,4.210000000000036,7.700000000000045,2865.83,2870.04,1351.93,1359.63,23,2,8.364762399494335,7192.0,44.0,1.0,2881.59,1371.18,2854.2799999999997,1340.38
7192,7352,2870.49,1363.745,18.120000000000342,16.689999999999827,2861.43,2879.55,1355.4,1372.09,44,2,8.364762399494335,7191.0,23.0,1.0,2906.7300000000005,1399.2700000000004,2834.2499999999995,1328.2199999999996
7193,7353,2867.935,1355.7800000000002,4.210000000000036,7.700000000000045,2865.83,2870.04,1351.93,1359.63,23,2,8.360414164381886,7194.0,44.0,1.0,2881.59,1371.18,2854.2799999999997,1340.38
7194,7353,2870.46,1363.75,18.11999999999989,16.699999999999818,2861.4,2879.52,1355.4,1372.1,44,2,8.360414164381886,7193.0,23.0,1.0,2906.7,1399.2799999999997,2834.2200000000003,1328.2200000000003
7195,7354,2867.935,1355.7800000000002,4.210000000000036,7.700000000000045,2865.83,2870.04,1351.93,1359.63,23,2,8.35617436390589,7196.0,44.0,1.0,2881.59,1371.18,2854.2799999999997,1340.38
7196,7354,2870.43,1363.755,18.11999999999989,16.689999999999827,2861.37,2879.49,1355.41,1372.1,44,2,8.35617436390589,7195.0,23.0,1.0,2906.6699999999996,1399.2799999999997,2834.19,1328.2300000000002
7197,7355,2867.935,1355.7800000000002,4.210000000000036,7.700000000000045,2865.83,2870.04,1351.93,1359.63,23,2,8.352043163202485,7198.0,44.0,1.0,2881.59,1371.18,2854.2799999999997,1340.38
7198,7355,2870.4,1363.76,18.11999999999989,16.699999999999818,2861.34,2879.46,1355.41,1372.11,44,2,8.352043163202485,7197.0,23.0,1.0,2906.64,1399.2899999999997,2834.1600000000003,1328.2300000000002
7199,7356,2867.935,1355.7800000000002,4.210000000000036,7.700000000000045,2865.83,2870.04,1351.93,1359.63,23,2,8.3528034216062,7200.0,44.0,1.0,2881.59,1371.18,2854.2799999999997,1340.38
7200,7356,2870.37,1363.77,18.11999999999989,16.699999999999818,2861.31,2879.43,1355.42,1372.12,44,2,8.3528034216062,7199.0,23.0,1.0,2906.6099999999997,1399.2999999999997,2834.13,1328.2400000000002
7201,7357,2867.935,1355.7800000000002,4.210000000000036,7.700000000000045,2865.83,2870.04,1351.93,1359.63,23,2,8.344107202091633,7202.0,44.0,1.0,2881.59,1371.18,2854.2799999999997,1340.38
7202,7357,2870.34,1363.77,18.11999999999989,16.699999999999818,2861.28,2879.4,1355.42,1372.12,44,2,8.344107202091633,7201.0,23.0,1.0,2906.58,1399.2999999999997,2834.1000000000004,1328.2400000000002
7203,7358,2870.31,1363.7800000000002,18.11999999999989,16.700000000000045,2861.25,2879.37,1355.43,1372.13,44,2,8.345095865237258,7204.0,23.0,1.0,2906.5499999999997,1399.31,2834.07,1328.2500000000002
7204,7358,2867.935,1355.7800000000002,4.210000000000036,7.700000000000045,2865.83,2870.04,1351.93,1359.63,23,2,8.345095865237258,7203.0,44.0,1.0,2881.59,1371.18,2854.2799999999997,1340.38
7205,7359,2870.28,1363.7800000000002,18.120000000000342,16.700000000000045,2861.22,2879.34,1355.43,1372.13,44,2,8.336607523447483,7206.0,23.0,1.0,2906.5200000000004,1399.3100000000006,2834.0399999999995,1328.2499999999995
7206,7359,2867.935,1355.7800000000002,4.210000000000036,7.700000000000045,2865.83,2870.04,1351.93,1359.63,23,2,8.336607523447483,7205.0,44.0,1.0,2881.59,1371.18,2854.2799999999997,1340.38
7207,7360,2867.935,1355.7800000000002,4.210000000000036,7.700000000000045,2865.83,2870.04,1351.93,1359.63,23,2,8.337824956185903,7208.0,44.0,1.0,2881.59,1371.18,2854.2799999999997,1340.38
7208,7360,2870.25,1363.79,18.11999999999989,16.700000000000045,2861.19,2879.31,1355.44,1372.14,44,2,8.337824956185903,7207.0,23.0,1.0,2906.49,1399.32,2834.01,1328.2600000000002
7209,7361,2867.935,1355.7800000000002,4.210000000000036,7.700000000000045,2865.83,2870.04,1351.93,1359.63,23,2,8.329545305717454,7210.0,44.0,1.0,2881.59,1371.18,2854.2799999999997,1340.38
7210,7361,2870.2200000000007,1363.79,18.120000000000342,16.700000000000045,2861.16,2879.28,1355.44,1372.14,44,2,8.329545305717454,7209.0,23.0,1.0,2906.4600000000005,1399.3200000000006,2833.9799999999996,1328.2599999999995
7211,7362,2867.935,1355.7800000000002,4.210000000000036,7.700000000000045,2865.83,2870.04,1351.93,1359.63,23,2,8.330991837710792,7212.0,44.0,1.0,2881.59,1371.18,2854.2799999999997,1340.38
7212,7362,2870.19,1363.8000000000004,18.11999999999989,16.700000000000045,2861.13,2879.25,1355.45,1372.15,44,2,8.330991837710792,7211.0,23.0,1.0,2906.43,1399.33,2833.9500000000003,1328.2700000000002
7213,7363,2867.935,1355.7800000000002,4.210000000000036,7.700000000000045,2865.83,2870.04,1351.93,1359.63,23,2,8.322921662493464,7214.0,44.0,1.0,2881.59,1371.18,2854.2799999999997,1340.38
7214,7363,2870.16,1363.8000000000004,18.11999999999989,16.700000000000045,2861.1,2879.22,1355.45,1372.15,44,2,8.322921662493464,7213.0,23.0,1.0,2906.3999999999996,1399.33,2833.92,1328.2700000000002
7215,7364,2867.935,1355.7800000000002,4.210000000000036,7.700000000000045,2865.83,2870.04,1351.93,1359.63,23,2,8.324597587871539,7216.0,44.0,1.0,2881.59,1371.18,2854.2799999999997,1340.38
7216,7364,2870.13,1363.81,18.11999999999989,16.700000000000045,2861.07,2879.19,1355.46,1372.16,44,2,8.324597587871539,7215.0,23.0,1.0,2906.37,1399.34,2833.8900000000003,1328.2800000000002
7217,7365,2867.935,1355.7800000000002,4.210000000000036,7.700000000000045,2865.83,2870.04,1351.93,1359.63,23,2,8.31673764164746,7218.0,44.0,1.0,2881.59,1371.18,2854.2799999999997,1340.38
7218,7365,2870.1,1363.81,18.11999999999989,16.700000000000045,2861.04,2879.16,1355.46,1372.16,44,2,8.31673764164746,7217.0,23.0,1.0,2906.3399999999997,1399.34,2833.86,1328.2800000000002
7219,7366,2867.935,1355.7800000000002,4.210000000000036,7.700000000000045,2865.83,2870.04,1351.93,1359.63,23,2,8.318643218698828,7220.0,44.0,1.0,2881.59,1371.18,2854.2799999999997,1340.38
7220,7366,2870.07,1363.8200000000004,18.11999999999989,16.700000000000045,2861.01,2879.13,1355.47,1372.17,44,2,8.318643218698828,7219.0,23.0,1.0,2906.31,1399.35,2833.8300000000004,1328.2900000000002
7221,7367,2870.04,1363.825,18.11999999999989,16.690000000000055,2860.98,2879.1,1355.48,1372.17,44,2,8.315831287369747,7222.0,23.0,1.0,2906.2799999999997,1399.35,2833.8,1328.3000000000002
7222,7367,2867.935,1355.7800000000002,4.210000000000036,7.700000000000045,2865.83,2870.04,1351.93,1359.63,23,2,8.315831287369747,7221.0,44.0,1.0,2881.59,1371.18,2854.2799999999997,1340.38
7223,7368,2867.935,1355.7800000000002,4.210000000000036,7.700000000000045,2865.83,2870.04,1351.93,1359.63,23,2,8.313129675398834,7224.0,44.0,1.0,2881.59,1371.18,2854.2799999999997,1340.38
7224,7368,2870.01,1363.83,18.120000000000342,16.700000000000045,2860.95,2879.07,1355.48,1372.18,44,2,8.313129675398834,7223.0,23.0,1.0,2906.2500000000005,1399.3600000000006,2833.7699999999995,1328.2999999999995
7225,7369,2867.935,1355.7800000000002,4.210000000000036,7.700000000000045,2865.83,2870.04,1351.93,1359.63,23,2,8.310538490374595,7226.0,44.0,1.0,2881.59,1371.18,2854.2799999999997,1340.38
7226,7369,2869.98,1363.835,18.11999999999989,16.690000000000055,2860.92,2879.04,1355.49,1372.18,44,2,8.310538490374595,7225.0,23.0,1.0,2906.22,1399.36,2833.7400000000002,1328.3100000000002
7227,7370,2867.935,1355.7800000000002,4.210000000000036,7.700000000000045,2865.83,2870.04,1351.93,1359.63,23,2,8.308057835619282,7228.0,44.0,1.0,2881.59,1371.18,2854.2799999999997,1340.38
7228,7370,2869.95,1363.84,18.120000000000342,16.700000000000045,2860.89,2879.01,1355.49,1372.19,44,2,8.308057835619282,7227.0,23.0,1.0,2906.1900000000005,1399.3700000000006,2833.7099999999996,1328.3099999999995
7229,7371,2867.935,1355.7800000000002,4.210000000000036,7.700000000000045,2865.83,2870.04,1351.93,1359.63,23,2,8.30568781016947,7230.0,44.0,1.0,2881.59,1371.18,2854.2799999999997,1340.38
7230,7371,2869.92,1363.845,18.11999999999989,16.690000000000055,2860.86,2878.98,1355.5,1372.19,44,2,8.30568781016947,7229.0,23.0,1.0,2906.16,1399.37,2833.6800000000003,1328.3200000000002
7231,7372,2867.935,1355.7800000000002,4.210000000000036,7.700000000000045,2865.83,2870.04,1351.93,1359.63,23,2,8.303428508754381,7232.0,44.0,1.0,2881.59,1371.18,2854.2799999999997,1340.38
7232,7372,2869.89,1363.85,18.11999999999989,16.700000000000045,2860.83,2878.95,1355.5,1372.2,44,2,8.303428508754381,7231.0,23.0,1.0,2906.1299999999997,1399.3799999999999,2833.65,1328.3200000000002
7233,7373,2867.935,1355.7800000000002,4.210000000000036,7.700000000000045,2865.83,2870.04,1351.93,1359.63,23,2,8.306143810457163,7234.0,44.0,1.0,2881.59,1371.18,2854.2799999999997,1340.38
7234,7373,2869.86,1363.86,18.11999999999989,16.700000000000045,2860.8,2878.92,1355.51,1372.21,44,2,8.306143810457163,7233.0,23.0,1.0,2906.1,1399.3899999999999,2833.6200000000003,1328.3300000000002
7235,7374,2867.935,1355.7800000000002,4.210000000000036,7.700000000000045,2865.83,2870.04,1351.93,1359.63,23,2,8.299242435306676,7236.0,44.0,1.0,2881.59,1371.18,2854.2799999999997,1340.38
7236,7374,2869.83,1363.86,18.11999999999989,16.700000000000045,2860.77,2878.89,1355.51,1372.21,44,2,8.299242435306676,7235.0,23.0,1.0,2906.0699999999997,1399.3899999999999,2833.59,1328.3300000000002
